block_index	block_order	workload	control_canonical_median_ns	control_workload_control_median_ns	intervention_canonical_median_ns	intervention_workload_control_median_ns	control_variant_effect_ns	control_variant_effect_percent	canonical_effect_ns	canonical_effect_percent	paired_control_effect_ns	paired_control_effect_percent
0	A	micro/slot-read	57001811.5	62246665.5	65909238.5	57767268.5	4479397.0	7.1962	-8907427.0	-15.6266	-13386824.0	-23.4849
0	A	micro/closure-call	89536093.0	69460590.5	68928169.5	63975159.0	5485431.5	7.8972	20607923.5	23.0163	15122492.0	16.8898
0	A	micro/method-call	65592150.5	61284318.0	77251810.0	67201742.5	-5917424.5	-9.6557	-11659659.5	-17.7760	-5742235.0	-8.7545
0	A	runtime/monomorphic-dispatch	68472377.0	63611233.0	66784998.0	59154219.5	4457013.5	7.0066	1687379.0	2.4643	-2769634.5	-4.0449
1	B	micro/slot-read	61904698.5	62084639.0	59527317.0	57254119.0	4830520.0	7.7805	2377381.5	3.8404	-2453138.5	-3.9628
1	B	micro/closure-call	66359034.5	61154264.0	69686746.0	61105591.5	48672.5	0.0796	-3327711.5	-5.0147	-3376384.0	-5.0881
1	B	micro/method-call	68549009.0	60081572.0	67346838.0	55080931.5	5000640.5	8.3231	1202171.0	1.7537	-3798469.5	-5.5412
1	B	runtime/monomorphic-dispatch	63024003.0	55303454.0	61467776.5	55968804.0	-665350.0	-1.2031	1556226.5	2.4693	2221576.5	3.5250
2	A	micro/slot-read	53864107.0	59054759.5	59711773.0	57280675.0	1774084.5	3.0041	-5847666.0	-10.8563	-7621750.5	-14.1500
2	A	micro/closure-call	65089359.5	61081580.5	75240078.5	64947165.0	-3865584.5	-6.3286	-10150719.0	-15.5951	-6285134.5	-9.6562
2	A	micro/method-call	77359576.5	63487081.0	72958631.0	64308639.5	-821558.5	-1.2941	4400945.5	5.6889	5222504.0	6.7509
2	A	runtime/monomorphic-dispatch	63896932.5	62821896.0	64853656.0	62082348.5	739547.5	1.1772	-956723.5	-1.4973	-1696271.0	-2.6547
3	B	micro/slot-read	63795927.5	62748841.0	65562275.0	60545586.0	2203255.0	3.5112	-1766347.5	-2.7687	-3969602.5	-6.2223
3	B	micro/closure-call	67366406.5	65889845.0	72079235.0	64284060.5	1605784.5	2.4371	-4712828.5	-6.9958	-6318613.0	-9.3795
3	B	micro/method-call	78553228.5	64171273.0	70088275.5	59056310.0	5114963.0	7.9708	8464953.0	10.7761	3349990.0	4.2646
3	B	runtime/monomorphic-dispatch	61524625.0	58908404.5	68112026.0	59390168.0	-481763.5	-0.8178	-6587401.0	-10.7069	-6105637.5	-9.9239
