workload	view	evidence_input	blocks	median_ns	mad_ns	min_ns	max_ns	median_percent	mad_percent	min_percent	max_percent	order_effect
micro/slot-read	control_variant_effect	SHARED_DRIVER_TIMING_EFFECT	4	3341326.0	1313632.5	1774084.5	4830520.0	5.3537	2.0960	3.0041	7.7805	NOT_DETECTED
micro/slot-read	canonical_effect	COMMON_WORKLOAD_TIMING_EFFECTS	4	-3807006.8	3570539.8	-8907427.0	2377381.5	-6.8125	6.4289	-15.6266	3.8404	DETECTED
micro/slot-read	paired_control_effect	SECONDARY_PAIRED_CONTROL_DISCRIMINATOR	4	-5795676.5	2584306.0	-13386824.0	-2453138.5	-10.1862	5.0936	-23.4849	-3.9628	DETECTED
micro/closure-call	control_variant_effect	SHARED_DRIVER_TIMING_EFFECT	4	827228.5	2718379.5	-3865584.5	5485431.5	1.2583	3.9088	-6.3286	7.8972	NOT_DETECTED
micro/closure-call	canonical_effect	COMMON_WORKLOAD_TIMING_EFFECTS	4	-4020270.0	3411503.8	-10150719.0	20607923.5	-6.0053	5.2902	-15.5951	23.0163	NOT_DETECTED
micro/closure-call	paired_control_effect	SECONDARY_PAIRED_CONTROL_DISCRIMINATOR	4	-4830759.2	1471114.5	-6318613.0	15122492.0	-7.2338	2.2841	-9.6562	16.8898	NOT_DETECTED
micro/method-call	control_variant_effect	SHARED_DRIVER_TIMING_EFFECT	4	2089541.0	2968260.8	-5917424.5	5114963.0	3.3384	4.8086	-9.6557	8.3231	DETECTED
micro/method-call	canonical_effect	COMMON_WORKLOAD_TIMING_EFFECTS	4	2801558.2	3631391.0	-11659659.5	8464953.0	3.7213	4.5112	-17.7760	10.7761	NOT_DETECTED
micro/method-call	paired_control_effect	SECONDARY_PAIRED_CONTROL_DISCRIMINATOR	4	-224239.8	4510486.8	-5742235.0	5222504.0	-0.6383	6.1461	-8.7545	6.7509	NOT_DETECTED
runtime/monomorphic-dispatch	control_variant_effect	SHARED_DRIVER_TIMING_EFFECT	4	128892.0	702448.8	-665350.0	4457013.5	0.1797	1.1902	-1.2031	7.0066	DETECTED
runtime/monomorphic-dispatch	canonical_effect	COMMON_WORKLOAD_TIMING_EFFECTS	4	299751.5	1322051.2	-6587401.0	1687379.0	0.4835	1.9833	-10.7069	2.4693	NOT_DETECTED
runtime/monomorphic-dispatch	paired_control_effect	SECONDARY_PAIRED_CONTROL_DISCRIMINATOR	4	-2232952.8	2204683.2	-6105637.5	2221576.5	-3.3498	3.6346	-9.9239	3.5250	NOT_DETECTED
