path	size_bytes	mtime_epoch	sha256
graal_dumps/TruffleHotSpotCompilation-1976[ProtosRootNode@1564c23b].bgv	3562694	1788753318	6ec291758ddebb19dbb055e9b7d66abbccc6d8253c487452a0dea8e9d993afd1
graal_dumps/TruffleHotSpotCompilation-2155[ProtosRootNode@e2c03eb].bgv	160576335	1788753331	b1df33a5f6ed9b5684325d663bbbad5ebec24d9901bc33d8ee56791dfe877135
graal_dumps/TruffleHotSpotCompilation-2463[ProtosRootNode@441f7925].bgv	4098662	1788753332	9db73102359155f1ce9b75a805856790088d3593ee24488b1a159616e69b567b
graal_dumps/TruffleHotSpotCompilation-2473[ProtosRootNode@4051dbe5].bgv	78889724	1788753337	fa4d65a63f725d441014e3bf46b4be3c23faf7b42e1e62af6593333c9d8c81ed
graal_dumps/TruffleHotSpotCompilation-2517[ProtosRootNode@279d1f42].bgv	3562694	1788753337	137099e24b18a16efa913a6455d6b0afb2963531fad03f0c5d0fc495fb4a8bf2
graal_dumps/TruffleHotSpotCompilation-2519[ProtosRootNode@40ac4667].bgv	33339010	1788753338	c1e7036273a271680152a4a972fea92a21c486463af905e00c07d7eb9d3908f6
graal_dumps/TruffleHotSpotCompilation-2546[ProtosRootNode@5b20c5b4].bgv	4098662	1788753339	a8c3b4b8968a057335e268655901a47856b546ae90a9f6302d3c399f01f33c24
graal_dumps/TruffleHotSpotCompilation-2553[ProtosRootNode@1136110c].bgv	153229260	1788753350	c0b3392eb9f55485bf91c19db349e6ebc8e9eccdbe61a4fd1d2541bca95b5dc9
graal_dumps/TruffleHotSpotCompilation-2717[ProtosRootNode@1564c23b].bgv	5932527	1788753351	44d108f26884fa881e1cafc55e56da5f23b402ce47d5d360671b73b674767d8f
graal_dumps/TruffleHotSpotCompilation-2736[ProtosRootNode@e2c03eb].bgv	273336406	1788753372	338f429e1d0a7257209e871071725453e73026c9f4ee3f661a0fc781fffa2f9d
graal_dumps/TruffleHotSpotCompilation-2800[ProtosRootNode@441f7925].bgv	4957259	1788753373	21b34597d4c0d29761ffb77c46cd9e7b0c3e31306114ec10caad6af21f9fa707
graal_dumps/TruffleHotSpotCompilation-2812[ProtosRootNode@4051dbe5].bgv	131969220	1788753383	0018f20fe7574baa856d5c82c94ff1d575454fcdeac54e1c6b8cac168fc44577
graal_dumps/TruffleHotSpotCompilation-2820[ProtosRootNode@279d1f42].bgv	5932528	1788753386	99220754d547bddcf975dc0492751995cb54876d17819f056ae528ac9080cd2f
graal_dumps/TruffleHotSpotCompilation-2827[ProtosRootNode@40ac4667].bgv	56379221	1788753389	6c59439b8d1256a7b42875e58c3c507da452030bb88280970c7565a5948bdf0f
graal_dumps/TruffleHotSpotCompilation-2840[ProtosRootNode@5b20c5b4].bgv	4957259	1788753389	c7061587e432dbf1d97b4b788aa5928a79d3aebabef019bc113c1db1a93e13a0
graal_dumps/TruffleHotSpotCompilation-2845[ProtosRootNode@1136110c].bgv	261091917	1788753406	f103d6e30a8dee0399232ff10bdaf6269488de62bab35d1063e51bc03c4b763e
graal_dumps/TruffleHotSpotCompilation-2873[ProtosRootNode@1958ba48].bgv	3562700	1788753407	506251cdb0472832044a1af58207b93690b0da648bf23aba1892c0ba8d56f61e
graal_dumps/TruffleHotSpotCompilation-2877[ProtosRootNode@73e35412].bgv	53725692	1788753410	1f5c38cd9fa033857de2d47b41a99305921c5f0340b7c25141ee1f9c37701744
graal_dumps/TruffleHotSpotCompilation-2887[ProtosRootNode@21d81126].bgv	4098662	1788753410	51e16a77aee86b5aff46265320a5c69eddd489e2a707aba90cc5866bbd5269cf
graal_dumps/TruffleHotSpotCompilation-2888[ProtosRootNode@39f10e91].bgv	95459739	1788753417	c5c6c5af20ee210ecaafd555609e05768a10b7271deed2d49799c7c414aa50f7
graal_dumps/TruffleHotSpotCompilation-2898[ProtosRootNode@4f9e1435].bgv	4098662	1788753417	76f69447c2c95173c5fdd3eeda4bd47163451be6893137d922bbf8949fdb1bfe
graal_dumps/TruffleHotSpotCompilation-2902[ProtosRootNode@17495b0d].bgv	41954085	1788753419	ba1e5fe92a0974030157c79fa84e708b6eae9486fd1291e073e0d163bf5a45ec
graal_dumps/TruffleHotSpotCompilation-2913[ProtosRootNode@67c6f0a8].bgv	5368973	1788753419	0246cb8116dfbe6bf2aed597f89850b75629c92c896405a1c1c5917d830d05ef
graal_dumps/TruffleHotSpotCompilation-2930[ProtosRootNode@1f7eeec].bgv	4098656	1788753420	a9d93b1d2effb0d7a13b7c4fa4344191aefef864fba5584da69ab7f64ad4996c
graal_dumps/TruffleHotSpotCompilation-2932[ProtosRootNode@3eb3f3].bgv	29797393	1788753421	e97a024757f7d7df49a3e6e45e73f845e51f42832895a7a2d1b0277e4adffc9f
graal_dumps/TruffleHotSpotCompilation-3061[ProtosRootNode@7431abd7].bgv	3562692	1788753422	c99226704e6a87884243fe7bfdf79dfc7b3d5aaed45b999c27457439d6cf3894
graal_dumps/TruffleHotSpotCompilation-3066[ProtosRootNode@797a2989].bgv	160576410	1788753434	4b5f6fe2075bd1fbc486dc6432e58f3d5efbaf2260a22df5f19520ed9489ab85
graal_dumps/TruffleHotSpotCompilation-3086[ProtosRootNode@749def5d].bgv	4098662	1788753435	3d39cc9305ae4f516f5fb63feb8b842c2b3968ef1b7df16eb35a84719fc6810a
graal_dumps/TruffleHotSpotCompilation-3090[ProtosRootNode@3fcdb99b].bgv	78889723	1788753440	690a2c99da400cdb0c58f78f98e945856489e1e44fc3d7d7973209d06b053779
graal_dumps/TruffleHotSpotCompilation-3099[ProtosRootNode@56c72762].bgv	4098662	1788753440	f48221992424f63431efd50ac7db180eba0ef350fbad817d057a495f82985a9d
graal_dumps/TruffleHotSpotCompilation-3101[ProtosRootNode@2887c7c4].bgv	153229257	1788753451	b3e549a760c2749a3352079e44115e05bd757be0da640c914a92439c24d61989
graal_dumps/TruffleHotSpotCompilation-3119[ProtosRootNode@7431abd7].bgv	5932527	1788753452	89e9e8975d86764f8bb74ebf1b7f79435f59c190b631b6e3237396df6f05f5fb
graal_dumps/TruffleHotSpotCompilation-3125[ProtosRootNode@797a2989].bgv	273336541	1788753469	48be2127c4b22e11d7cb55425b792bc728997df242164e8dababf5b2f66d021e
graal_dumps/TruffleHotSpotCompilation-3144[ProtosRootNode@749def5d].bgv	4957259	1788753470	84c496161d187faadc5abbcaf897dd30d5b28e975b6642763bd9c05ecaf462c6
graal_dumps/TruffleHotSpotCompilation-3151[ProtosRootNode@3fcdb99b].bgv	131969223	1788753477	860f641291d35fff471b9373ba905aecb2422d1cfa5484a23b39254b35ab64e7
graal_dumps/TruffleHotSpotCompilation-3156[ProtosRootNode@56c72762].bgv	4957259	1788753477	5d1f0d46149409793ab69d9f73fb4c63af36a0ac200575ee1ffff3d877273f82
graal_dumps/TruffleHotSpotCompilation-3159[ProtosRootNode@2887c7c4].bgv	261091914	1788753496	20ccc9410d198295bcd4cf2810ff2d62466d6b05b3b0430de0d96c4b7c49d3a4
graal_dumps/TruffleHotSpotCompilation-3163[ProtosRootNode@2e117338].bgv	5368973	1788753496	6b0be3e086b16568b18f46479ac0ef07bbf171878921a1d5b7cfb46c656445d1
graal_dumps/TruffleHotSpotCompilation-3174[ProtosRootNode@4b3bdf47].bgv	4098662	1788753497	6581ecfca2d4ab628eeacd19b2319c5646d25e140fa68c54647564b1837784ec
graal_dumps/TruffleHotSpotCompilation-3180[ProtosRootNode@1d1f3be3].bgv	29797412	1788753499	08ae912389cbc8ccd88506c454059b4c5f33d4ba15dd88b0fd3246155f2c00ef
graal_dumps/TruffleHotSpotCompilation-3240[ProtosRootNode@4650bb62].bgv	3562694	1788753500	f2aa052eb5ba54b6e1b69187b8aba681ef371f145d81ad32b17f339308095e2a
graal_dumps/TruffleHotSpotCompilation-3241[ProtosRootNode@379db121].bgv	160576409	1788753517	2eb374ed85871174bcdce855bcbf961260d1fce3c7bba69c4c3af7dfe4099ee8
graal_dumps/TruffleHotSpotCompilation-3246[ProtosRootNode@e7375b2].bgv	4098656	1788753517	54acd5007439a889d88df956a80f68dded52f8a42c5afce67f0b429a38803212
graal_dumps/TruffleHotSpotCompilation-3250[ProtosRootNode@b188c49].bgv	78889649	1788753524	a027bcd1ffe1ad55dda49906abb581e065f5e90e1f6ec55c6afc120a982e5764
graal_dumps/TruffleHotSpotCompilation-3252[ProtosRootNode@4285b5b2].bgv	4098662	1788753524	969c275b14f2eb5cdd9ca5e832780df71bc0bb00a22753f925d9559c4b983c5c
graal_dumps/TruffleHotSpotCompilation-3254[ProtosRootNode@7c17d9b9].bgv	153229260	1788753537	56c891791ae6f6b4a3056c207a51aab4362271a1b40939c4d82afdbb8e2ffc0a
graal_dumps/TruffleHotSpotCompilation-3272[ProtosRootNode@4650bb62].bgv	5932528	1788753537	b32c6093d025f124e7429e55c46b5bb34473d7d6029a32f7e8ded1ffe33fd837
graal_dumps/TruffleHotSpotCompilation-3276[ProtosRootNode@379db121].bgv	273336540	1788753558	ad224edf25d968a15be4c44e07a96c01ee8b7a6ea1f1e633b47e2b8797abc720
graal_dumps/TruffleHotSpotCompilation-3286[ProtosRootNode@e7375b2].bgv	4957252	1788753558	a790d30ba11b3f1ef5ab9aeb013cb261cc0d23a4b21095254e1a7840abd6169f
graal_dumps/TruffleHotSpotCompilation-3288[ProtosRootNode@b188c49].bgv	131969109	1788753568	1afbfa892ddbc5397b1f8600188ab05e2dfd5b1f66102c132bbfc8aada213bc5
graal_dumps/TruffleHotSpotCompilation-3289[ProtosRootNode@4285b5b2].bgv	4957258	1788753568	939408f8b9e5ca1b50faa8e504da09e5e70f11b7d919efea741bfae6774ce051
graal_dumps/TruffleHotSpotCompilation-3290[ProtosRootNode@7c17d9b9].bgv	261091917	1788753587	616425d616c19569aec31e9ca342eb63919bce8cd6039b51610cb7c0e15d434b
graal_dumps/TruffleHotSpotCompilation-3295[ProtosRootNode@5e05bd82].bgv	5368973	1788753587	786bbe9574e8d904261bc8f79a0917afe98df45a8321398e73dbaa288ff6bc73
graal_dumps/TruffleHotSpotCompilation-3304[ProtosRootNode@2c473a82].bgv	4098662	1788753588	998a5ec3f77ec178195f02fd980ffcfdf30bb18472ca1f8bcd74f863979b0423
graal_dumps/TruffleHotSpotCompilation-3305[ProtosRootNode@66b77aec].bgv	29797411	1788753589	b6f02516623bc0ccab0d178c89dcd4c741c2d95729d70229b8f8006bffb658c1
graal_dumps/TruffleHotSpotCompilation-3341[ProtosRootNode@5871ed6f].bgv	3562694	1788753590	4d3b871c5953f0fb8f19ab2305b62c31e7f0a69f6186ec446dc06b041bb55a11
graal_dumps/TruffleHotSpotCompilation-3344[ProtosRootNode@4b026780].bgv	160576412	1788753603	7d9232ea0d919b4d8abfeb5a54d092ff9007f358390e11102d7b3b439714aa91
graal_dumps/TruffleHotSpotCompilation-3350[ProtosRootNode@3c03b3b].bgv	4098657	1788753603	091a4cccfb1b527959b0544d6a7a2a3e95b212f203365508e87104b2b2676f27
graal_dumps/TruffleHotSpotCompilation-3355[ProtosRootNode@49f68fc0].bgv	78889724	1788753608	824e9d7e65665c546d36bf475c7935b90436efe29e38da6b6b13d73d9e6e9322
graal_dumps/TruffleHotSpotCompilation-3360[ProtosRootNode@36a29307].bgv	4098662	1788753608	6d03325b273eaa48180ee9ab7b8f23e8711ed7892b4082dd18b80d5aa40fe7fc
graal_dumps/TruffleHotSpotCompilation-3366[ProtosRootNode@5238833f].bgv	153229258	1788753620	c66dbf9111e4febb569f5906472b149aa215c3a6a71c417a2e4d9712a7a21627
graal_dumps/TruffleHotSpotCompilation-3369[ProtosRootNode@5871ed6f].bgv	5932528	1788753620	b36d6ed70a03a5500a4838cfc72a8be4192458f95ba56d2cca9bb3ab7f893a5c
graal_dumps/TruffleHotSpotCompilation-3370[ProtosRootNode@4b026780].bgv	273336543	1788753639	a8dea026db34e51c87e1f036391087c3c11c5cd4bf9d5b43c97ae67f477a80e0
graal_dumps/TruffleHotSpotCompilation-3372[ProtosRootNode@3c03b3b].bgv	4957254	1788753639	2356be05f1dcde138ec809b45aa809b7c048307d7a1e0402fe6573c5c6e4ebc1
graal_dumps/TruffleHotSpotCompilation-3379[ProtosRootNode@49f68fc0].bgv	131969224	1788753647	693d19fb5657d56113637500d265c26805b529d032dec772a245d14cc772bfee
graal_dumps/TruffleHotSpotCompilation-3388[ProtosRootNode@36a29307].bgv	4957258	1788753647	411d186732e3fad48420ab63e31be2d3822d101217704d10cbff2ae0441dcf3f
graal_dumps/TruffleHotSpotCompilation-3394[ProtosRootNode@5238833f].bgv	261091915	1788753665	fbc98f017598995137847d4be7488a21adba14b51604d1d84a3fdbe7409cf8f8
graal_dumps/TruffleHotSpotCompilation-3399[ProtosRootNode@2a551156].bgv	5368973	1788753665	cd6d8dda8aa2abc7e3d802dfb4bcddc6177366a962656389382c6cfa1376f42d
graal_dumps/TruffleHotSpotCompilation-3407[ProtosRootNode@7f89c001].bgv	4098662	1788753665	7830d1aa4c71b962ef6f4a60a1763d4021a727d080f4bb79d3adfdff49cdb3d9
graal_dumps/TruffleHotSpotCompilation-3408[ProtosRootNode@5e57190].bgv	29797403	1788753667	de2789a1b75b008d0236c5d90b0f5d0f36b48d7e27f7cab37387d451f7750706
graal_dumps/TruffleHotSpotCompilation-3444[ProtosRootNode@cf998a4].bgv	3562689	1788753668	e7250ea361beb4a9107633cf8479d05393301334e55a23549e93d9064849debe
graal_dumps/TruffleHotSpotCompilation-3446[ProtosRootNode@7290797b].bgv	160576410	1788753683	ad36635731b657006daee32364ab5b715fd9db8c39dd6857ac14c579f603db97
graal_dumps/TruffleHotSpotCompilation-3450[ProtosRootNode@71f29e4a].bgv	4098662	1788753683	8675d823d09c7a8a91c5e96efa34412576c33fb077e425c3a87961e342b42d44
graal_dumps/TruffleHotSpotCompilation-3453[ProtosRootNode@6804749f].bgv	78889724	1788753688	25942c43dd57ce68edeeaf226673fef53d654426d9391b202ed6ddf9589592d1
graal_dumps/TruffleHotSpotCompilation-3460[ProtosRootNode@ca1748f].bgv	4098657	1788753689	7b5987a3415a247548d969172b7c06b6df8507ad59b11a6c5e6cd969579ba548
graal_dumps/TruffleHotSpotCompilation-3461[ProtosRootNode@1693e7f].bgv	153229184	1788753701	546240aebe617ba84495de9621cc6ab04f0e7a68061cff23c1ce7866650b8e8a
graal_dumps/TruffleHotSpotCompilation-3464[ProtosRootNode@cf998a4].bgv	5932523	1788753701	0efe98ee6659c92057e3f7465153c171e872728fc0c36b90a26840df70ecc92e
graal_dumps/TruffleHotSpotCompilation-3468[ProtosRootNode@7290797b].bgv	273336539	1788753723	2b0e2b1e27d69f910547729e52956468abbd91aef93c7c33517261a2c2482d55
graal_dumps/TruffleHotSpotCompilation-3478[ProtosRootNode@71f29e4a].bgv	4957259	1788753723	7dde454e8872c04b656adf27360ebcf41292a50febdf8fbaca3aa16c81a88c0a
graal_dumps/TruffleHotSpotCompilation-3487[ProtosRootNode@6804749f].bgv	131969224	1788753733	8074951d5bf0a0591cdd7afe151683d9abc60cbc1a6dfa62ad7f56b7bf4a14e6
graal_dumps/TruffleHotSpotCompilation-3493[ProtosRootNode@ca1748f].bgv	4957254	1788753733	8343e36376b1c28276c04321c489b76b9e2efa50cbbded1bde6b3e5c8c661937
graal_dumps/TruffleHotSpotCompilation-3494[ProtosRootNode@1693e7f].bgv	261091781	1788753752	6ec3db6dfd0e3d066cc2366311c9f16106f25544be3c3c9ac292b303cd933070
graal_dumps/TruffleHotSpotCompilation-3495[ProtosRootNode@37fb4d7].bgv	5368968	1788753752	81bb73cfe09355716c4138659c7b3a5f51a6c53652d32ccf6f9d711724e4e3b4
graal_dumps/TruffleHotSpotCompilation-3503[ProtosRootNode@1ae1833b].bgv	4098661	1788753753	05af4a9c67930bdd25370e575ffc3af71a569f28731fddf23792f50f1f591440
graal_dumps/TruffleHotSpotCompilation-3504[ProtosRootNode@1f446b6].bgv	29797403	1788753754	5643b0a78d62162c0b9e5a306343ffc736cade06609659a86f3d51999484eb1c
graal_dumps/TruffleHotSpotCompilation-3531[ProtosRootNode@5256db8b].bgv	3562693	1788753755	fe879de71f0f2cbf33a8b800cfa8419e021a48e25d2b4f137bf56b72ee85ae24
graal_dumps/TruffleHotSpotCompilation-3533[ProtosRootNode@1c9e2fdf].bgv	160576410	1788753769	d676385e5fb4dbf9eda8d4abc1f0fdd4e731277a0dc5c0513eaa8f33a705e041
graal_dumps/TruffleHotSpotCompilation-3537[ProtosRootNode@29ed0f2].bgv	4098657	1788753769	c6a3cde97f261c23f131859bb651d1cabdb909c41e765390c4a9996c8efd6de1
graal_dumps/TruffleHotSpotCompilation-3539[ProtosRootNode@65c7c1bd].bgv	78889724	1788753775	8bbbc3ab3f6341f8a89a77ed95551e1fef7e6560975318c01e62fc9e67a9f340
graal_dumps/TruffleHotSpotCompilation-3544[ProtosRootNode@2ae4ad47].bgv	4098662	1788753776	d8513e3a6648a90f5d3d98b67752a4609bc4bcc7b652cf40665b8ee6cdd5bf91
graal_dumps/TruffleHotSpotCompilation-3545[ProtosRootNode@3fc50485].bgv	153229260	1788753788	3bb561570a038a963c5b4da9930e88263be9655e079870306835983e0cb52aee
graal_dumps/TruffleHotSpotCompilation-3550[ProtosRootNode@5256db8b].bgv	5932527	1788753789	9fe45fdd2bab0ade5e8a213880daa833ea54de9958f7ab860c476041cf517cf5
graal_dumps/TruffleHotSpotCompilation-3551[ProtosRootNode@1c9e2fdf].bgv	273336541	1788753807	0e0454749f74a2d16e6b88368b4ea44e39bff08eb2c81e1b467e6cfd9a00072d
graal_dumps/TruffleHotSpotCompilation-3554[ProtosRootNode@29ed0f2].bgv	4957254	1788753807	062a2116f85132590d709541db12044b46ed8ed809925ab190295a92b945ca6f
graal_dumps/TruffleHotSpotCompilation-3555[ProtosRootNode@65c7c1bd].bgv	131969222	1788753815	ce4d3665769610f1ed8cd020bb9346927c9546929cdf2c322c9ebd81d43fe3bd
graal_dumps/TruffleHotSpotCompilation-3557[ProtosRootNode@2ae4ad47].bgv	4957259	1788753815	1e4215a79ab9538ebd4c0717939e976389f6873c8b8318bde7ac4eb9c022fcc2
graal_dumps/TruffleHotSpotCompilation-3558[ProtosRootNode@3fc50485].bgv	261091917	1788753831	99f692e170f80b647aef9861d392d721c61645e2ada6530c1071653768b9172d
graal_dumps/TruffleHotSpotCompilation-3568[ProtosRootNode@404e70cc].bgv	5368973	1788753832	a8c34a6e6aba0402f9557e6419a59564772140112187ec6bae4d044e4f31e77b
graal_dumps/TruffleHotSpotCompilation-3571[ProtosRootNode@4cd633d2].bgv	4098662	1788753832	5421f6c834b6273486648cf599659603b649838cdcf628c03adc8ffaca06ccd0
graal_dumps/TruffleHotSpotCompilation-3572[ProtosRootNode@1fbef489].bgv	29797410	1788753833	88173474400d8a8a618e88abcd40eb81c3772236b4f390c8d31368f51ad1f006
graal_dumps/TruffleHotSpotCompilation-3600[ProtosRootNode@7839fc93].bgv	3562694	1788753834	7de99f9c45b4f7d8ffc2e9e713336a91c434f6c16a1a1ec8039f24b1d2dca1fa
graal_dumps/TruffleHotSpotCompilation-3601[ProtosRootNode@46607f37].bgv	160576408	1788753846	bafaacdca44b6fbd5081e2f4b017767a35dddb4413f9b9750a161a8ab0da1b5c
graal_dumps/TruffleHotSpotCompilation-3602[ProtosRootNode@2f4e2078].bgv	4098661	1788753846	436a152acf00aee45ad413858d77d97b6b7206ceef17b97e6e92c36cd901ae4d
graal_dumps/TruffleHotSpotCompilation-3604[ProtosRootNode@5f2d70f8].bgv	78889723	1788753852	736ab7c1e272ca9ced7b01078631e642befc1495f591b3e0da998541a35afd6c
graal_dumps/TruffleHotSpotCompilation-3607[ProtosRootNode@7811e51e].bgv	4098662	1788753852	3f541db4e7bbb533e00a02e327d333fe57a35c8b3ee13ea69bd85f34fd3560b7
graal_dumps/TruffleHotSpotCompilation-3609[ProtosRootNode@2953bc7f].bgv	153229260	1788753863	874a1a8aff8bdc9bdcf8c30ef66912e6c1d30491b40521917675caae5e2b510d
graal_dumps/TruffleHotSpotCompilation-3610[ProtosRootNode@7839fc93].bgv	5932528	1788753863	b78ad843c51590b5c4c853c03591009e52846c5008b9fbbe500d25076525848c
graal_dumps/TruffleHotSpotCompilation-3611[ProtosRootNode@46607f37].bgv	273336539	1788753881	cbcbd5d2bc8227272609e0cedfedd93a3fb40f81de1e761546d583d8b1a1a557
graal_dumps/TruffleHotSpotCompilation-3615[ProtosRootNode@2f4e2078].bgv	4957259	1788753881	127a2d088a1066a94ebd9265131118457a5cee39054f0fa3206a9bb54a75cbf3
graal_dumps/TruffleHotSpotCompilation-3618[ProtosRootNode@5f2d70f8].bgv	131969223	1788753888	20532d93c4dabd7f1d0920f66b9cfb2a1facbd6b0ca08e4ed5e8bd2789dc533d
graal_dumps/TruffleHotSpotCompilation-3619[ProtosRootNode@7811e51e].bgv	4957260	1788753888	ca029f88acc0c23c9ad584fa5fcdf129bf6dbb26c44000de79c9f48bb6470b01
graal_dumps/TruffleHotSpotCompilation-3621[ProtosRootNode@2953bc7f].bgv	261091915	1788753905	c9b8bf11db2abdcfc65abddaf25bb383318c532a0c5165e6cc472122d50066e6
graal_dumps/TruffleHotSpotCompilation-3623[ProtosRootNode@5b0d6488].bgv	5368973	1788753905	179e5dc58651c8f376bcbb4128364ed423d8d45f7a48ac54837e50a5b37cda6b
graal_dumps/TruffleHotSpotCompilation-3628[ProtosRootNode@7b293124].bgv	4098662	1788753906	5fdadfc3a682cabe2311c4fb526d063759918a261d0a76bda7bcc7ac379bce76
graal_dumps/TruffleHotSpotCompilation-3639[ProtosRootNode@682dc572].bgv	29797411	1788753907	3e5cd196fed3768321def1abef9c8d212ac0e2e5c5048addffacbeb02825c8f1
graal_dumps/TruffleHotSpotCompilation-3667[ProtosRootNode@5fcb2f1e].bgv	3562692	1788753908	dede775d1b6d473631de71342ae41f915c7f2ee251418b7081f4406455801135
graal_dumps/TruffleHotSpotCompilation-3668[ProtosRootNode@5ad9446].bgv	160576337	1788753920	ec7ff65727ed800727fb95bdabee7bf2493077d853a036935937738f9320afce
graal_dumps/TruffleHotSpotCompilation-3670[ProtosRootNode@1e722735].bgv	4098662	1788753920	7289c592b8c1a6d057965b776a303d06a3590b53402a88ea5c252d8bb0418cc7
graal_dumps/TruffleHotSpotCompilation-3672[ProtosRootNode@5bbb93b0].bgv	78889724	1788753926	235b06097c5dc1973583d028a972be81cf934f2ab13fdde9dc6546aec7710a75
graal_dumps/TruffleHotSpotCompilation-3675[ProtosRootNode@c8eb0a3].bgv	4098657	1788753926	840e900ae0fa7c2160ef8e5199d886a08c5d903e58f35b2f2009cafc382061ff
graal_dumps/TruffleHotSpotCompilation-3681[ProtosRootNode@532ad39].bgv	153229183	1788753938	775f37710f5178b78ab7a5d31e6724ba6506f335608e40a8e83c0364fd948a39
graal_dumps/TruffleHotSpotCompilation-3683[ProtosRootNode@5fcb2f1e].bgv	5932526	1788753938	5fe256a54b6783344b3daeb0b80a156b1467cca23d923b6b3ecbc1651da5886e
graal_dumps/TruffleHotSpotCompilation-3684[ProtosRootNode@5ad9446].bgv	273336408	1788753961	7ea590d4f58a611ccf21b6b588457444de2c73e93211c44925ae6a40784cc5bb
graal_dumps/TruffleHotSpotCompilation-3687[ProtosRootNode@1e722735].bgv	4957260	1788753961	f4109de6b22e144aad741df96650f33e236f1d5b68c11be79b2ec894e308291a
graal_dumps/TruffleHotSpotCompilation-3688[ProtosRootNode@5bbb93b0].bgv	131969224	1788753971	c94664697c9734e33e053869f127075aecc9dfd62da33a2b7feeb0f5e868e2a9
graal_dumps/TruffleHotSpotCompilation-3689[ProtosRootNode@c8eb0a3].bgv	4957255	1788753971	e0dc8608422cb753fd6e32914f3b9b8c4f93b078dca1aae0e088ff1d6ef14bd5
graal_dumps/TruffleHotSpotCompilation-3690[ProtosRootNode@532ad39].bgv	261091780	1788753990	2e24fe6b07338810819c6186aedbf2571ac5b480b1733005c4fa7e37071457a3
graal_dumps/TruffleHotSpotCompilation-3691[ProtosRootNode@37e2cfff].bgv	5368973	1788753990	525f9df29c4428a3929888027b37bc94beba0dba1a2afdc4ef14732d95f5ff6f
graal_dumps/TruffleHotSpotCompilation-3707[ProtosRootNode@650d8542].bgv	4098662	1788753990	1aa2f6a5f695594bf1704cf845a3ebb965fe1c5b342042a659b9390dee0cac11
graal_dumps/TruffleHotSpotCompilation-3708[ProtosRootNode@62b20e3c].bgv	29797412	1788753992	94e88cc2e520bc2bc82a8167a698ab0f55c2cf5756d6c1b116162f98d84c9c85
graal_dumps/TruffleHotSpotCompilation-3735[ProtosRootNode@ba1806b].bgv	3562689	1788753992	037c9c80c231f8cef0c37b9b92c5d96844474ab366a9d2a6ed774cfe403d1c5c
graal_dumps/TruffleHotSpotCompilation-3736[ProtosRootNode@1fe7eac2].bgv	160576408	1788754006	e3f0afeb07732845977d62c158d42bab02f1430aec159d7f86d08a63181024a7
graal_dumps/TruffleHotSpotCompilation-3738[ProtosRootNode@b640546].bgv	4098656	1788754006	a65bd0dae5cfde966dbdb103ae2652e1c64207f2e5db168fa83c2b9043355ec1
graal_dumps/TruffleHotSpotCompilation-3739[ProtosRootNode@65751f22].bgv	78889722	1788754012	883268237e79314e6fe6de6ea2cca0e284bd88a5fba320c335bb6cd46da23632
graal_dumps/TruffleHotSpotCompilation-3740[ProtosRootNode@4df83194].bgv	4098662	1788754012	729505e37a1d10aa52bebc171ad974b2b7416c2ca0f1acc6c8e47bdb8258f65e
graal_dumps/TruffleHotSpotCompilation-3741[ProtosRootNode@b86e4f7].bgv	153229181	1788754024	6b0fddce6fc0c89edffe974248e71b92070223627d7813cca472a5846e530279
graal_dumps/TruffleHotSpotCompilation-3744[ProtosRootNode@ba1806b].bgv	5932522	1788754024	a5e0715cd1e6f9a64db1781e67d8a6ea55bf6992c0b67bf1ec0f644fcde0077c
graal_dumps/TruffleHotSpotCompilation-3745[ProtosRootNode@1fe7eac2].bgv	273336541	1788754042	48ddafbfc0eace935a04fb30d1abc2db17c8e9274127326763e9821636b178be
graal_dumps/TruffleHotSpotCompilation-3749[ProtosRootNode@b640546].bgv	4957254	1788754043	2a6c0cdd56a2747c7118e594108bb2b76b7a5a8b9f072aa396bb0aa0a0ab3462
graal_dumps/TruffleHotSpotCompilation-3751[ProtosRootNode@65751f22].bgv	131969222	1788754051	373c899ecd499373b11780d9527c196d06f98ea857fc5fa07c01e5f5b2eb1aac
graal_dumps/TruffleHotSpotCompilation-3752[ProtosRootNode@4df83194].bgv	4957259	1788754051	32ce5b17fd31945ed9900c687e50d93ad857bf8dcec2ae9d85dbb5c29ed85138
graal_dumps/TruffleHotSpotCompilation-3753[ProtosRootNode@b86e4f7].bgv	261091778	1788754068	657ab79fb3079a54c94f1321aeb7fba38a6c00c96b476cb0d6205ac08de138ce
graal_dumps/TruffleHotSpotCompilation-3754[ProtosRootNode@5c4aee81].bgv	5368971	1788754068	f7227daf2c086e9b74070ff2fc65655542699fac959b11c601b751496fe90bdf
graal_dumps/TruffleHotSpotCompilation-3761[ProtosRootNode@36af986c].bgv	4098661	1788754069	b43f8b47f7498d726824ab6ec62e7efc59adbe81d5704960455b5aaeefc0c48b
graal_dumps/TruffleHotSpotCompilation-3763[ProtosRootNode@2af780e2].bgv	29797411	1788754070	001b336a0ce5fba4c5f3975af4bbb0e59edc6e1f558f9d6b0729250e17a294ec
graal_dumps/TruffleHotSpotCompilation-3784[ProtosRootNode@2fe4378c].bgv	3562694	1788754070	bb010914c5d61ad298ef7e6bcf561edd0302e4906c063d31c073187ef20c529d
graal_dumps/TruffleHotSpotCompilation-3785[ProtosRootNode@5f35fa8a].bgv	160576410	1788754083	da27ba390e738912af381cd5c716765332632f6c0da5923ebd9cc5fdf9bc92e9
graal_dumps/TruffleHotSpotCompilation-3786[ProtosRootNode@5cf02197].bgv	4098662	1788754083	7101c14bef6a363ad01e836d609bf8b9190a07ece873598f91b87a3ab5155601
graal_dumps/TruffleHotSpotCompilation-3787[ProtosRootNode@51c6ab49].bgv	78889724	1788754089	6b319b90d5f04f5417b933aea53879fda43c063dc831dbcbb078f90a341686ad
graal_dumps/TruffleHotSpotCompilation-3788[ProtosRootNode@28c6b2be].bgv	4098662	1788754089	e8b876aa94b5ef7de149b90f45601b50d2390ba718f2e93223982b507bdb3eac
graal_dumps/TruffleHotSpotCompilation-3789[ProtosRootNode@11fa6578].bgv	153229258	1788754103	fdef79e33f2a8feb46cca703dc258db72659bbd90016f3eb2fc3937915e87b85
graal_dumps/TruffleHotSpotCompilation-3793[ProtosRootNode@2fe4378c].bgv	5932528	1788754104	37efbcfba0ba2f889804fca4dc5f0d1694827b946e4bd6d263bc24d93ea6a4fd
graal_dumps/TruffleHotSpotCompilation-3795[ProtosRootNode@5f35fa8a].bgv	273336541	1788754128	24d85598101cc8146667ee35823e7f7c178f7b79873a74c375627732422713fe
graal_dumps/TruffleHotSpotCompilation-3800[ProtosRootNode@5cf02197].bgv	4957260	1788754129	cd1b6ccd6ccf64177e3eb89b712dd3ad38190084e70d58a1ab18ee3e70b9ca80
graal_dumps/TruffleHotSpotCompilation-3805[ProtosRootNode@51c6ab49].bgv	131969224	1788754138	c0be71ace56465e152f20ba30bba802e042b3596143203bc42d8022473d2755f
graal_dumps/TruffleHotSpotCompilation-3806[ProtosRootNode@28c6b2be].bgv	4957260	1788754138	123b636fe0d2cdacca3f3e10088b36fbd2fa84707b96bf82d5595f928dd9bcf7
graal_dumps/TruffleHotSpotCompilation-3807[ProtosRootNode@11fa6578].bgv	261091915	1788754155	6427fc2f4b8c42ee81e8b600b67a87d32f0be8cc7c1640919b863ba4564cbc8d
graal_dumps/TruffleHotSpotCompilation-3808[ProtosRootNode@2a64876e].bgv	5368973	1788754155	c89c5a0081953e72674697af5cc5fa6589c9adb06898bf103f229e4d3fdb665f
graal_dumps/TruffleHotSpotCompilation-3811[ProtosRootNode@5b875bae].bgv	4098662	1788754155	915363391e2af7022f5ee889387aa356eaea52d34e8a55265c05e372df1ef35c
graal_dumps/TruffleHotSpotCompilation-3813[ProtosRootNode@6210101].bgv	29797401	1788754157	1c59c6ab112fbeaa6391cb9c255d819474a4bf171d91d499903dbe25ba34e1dc
graal_dumps/TruffleHotSpotCompilation-3814[ProtosRootNode@1958ba48].bgv	5932533	1788754157	02948bc4072a10c1194bd7d71d954b0c9fdfa58ea6a1aa443ca8d06ef33cb939
graal_dumps/TruffleHotSpotCompilation-3815[ProtosRootNode@73e35412].bgv	92607210	1788754162	c8881ed25f791c86be0a220b403ebf06acdc2b50c2b7278f20f10556154abeeb
graal_dumps/TruffleHotSpotCompilation-3816[ProtosRootNode@21d81126].bgv	4957260	1788754162	82400df7b58c970150091dd518390a64f4d2818ecae98654706ec249ed3152b7
graal_dumps/TruffleHotSpotCompilation-3817[ProtosRootNode@39f10e91].bgv	164078716	1788754173	9e73605b759346586b4ece4c9acaf655a38bcfb09813223a8adffcee9ddef80c
graal_dumps/TruffleHotSpotCompilation-3819[ProtosRootNode@4f9e1435].bgv	4957260	1788754173	fd40e18bc9812a862c1af02ca0c89178396bb7595d9f1a49882ea6eebda81115
graal_dumps/TruffleHotSpotCompilation-3820[ProtosRootNode@17495b0d].bgv	71966763	1788754176	ce164a2374cabc0de69c7f918f7e0de595c8c7d50a086919983f557da7a26868
graal_dumps/TruffleHotSpotCompilation-3841[ProtosRootNode@54e6517d].bgv	3562693	1788754176	7945c81c59505fcdc31f32b1a5fb4a0c065540b885b426b90d948206ce08f739
graal_dumps/TruffleHotSpotCompilation-3842[ProtosRootNode@7a0a0249].bgv	160576410	1788754189	a4e0155eff67dcd02e020fb959b021a80be86d82b82674902223d52868d253be
graal_dumps/TruffleHotSpotCompilation-3845[ProtosRootNode@28905dd1].bgv	4098662	1788754189	d18084fdc956753dd51a0e0b3023bf4ae513d2f7d404c004dc8115c465a0b080
graal_dumps/TruffleHotSpotCompilation-3847[ProtosRootNode@2baf96ce].bgv	78889724	1788754194	e7786df814f601951498f46e908e47088082a18e6005b1716db4aab19183686f
graal_dumps/TruffleHotSpotCompilation-3848[ProtosRootNode@4b88a253].bgv	4098662	1788754194	0800e48bfed0f13b31cd50526f0c293aa0cbc02445adbeba7be3b52702c6ec80
graal_dumps/TruffleHotSpotCompilation-3849[ProtosRootNode@264dac54].bgv	153229258	1788754205	c22d85d501654b6aea30c76b789b4ac4385b7aa38a938d69e0a4bfcaa11d7c24
graal_dumps/TruffleHotSpotCompilation-3851[ProtosRootNode@54e6517d].bgv	5932527	1788754206	b7492fbfc50a126325c5f994fab97f5888125861e85dae703ab1d5ef4972896b
graal_dumps/TruffleHotSpotCompilation-3852[ProtosRootNode@7a0a0249].bgv	273336539	1788754223	22a97c8041f0ae93584e62ae749aeed5a0c0ad505b8744a814ed425b66bbd8f6
graal_dumps/TruffleHotSpotCompilation-3853[ProtosRootNode@28905dd1].bgv	4957259	1788754224	b5d2cb22dde1d7afaaee8fee683af51d9820b9e38f26b05371ee30fcdf30ce43
graal_dumps/TruffleHotSpotCompilation-3855[ProtosRootNode@2baf96ce].bgv	131969224	1788754231	0fc9d8b80bf827b9e0a28fd0a05a0a20e30e1417b898cbe4f70ad8d3dcd9a56b
graal_dumps/TruffleHotSpotCompilation-3856[ProtosRootNode@4b88a253].bgv	4957260	1788754231	4be323d9e95f5185f0513966298459343b6f99b1ea868effa2a35f12a45f175f
graal_dumps/TruffleHotSpotCompilation-3858[ProtosRootNode@264dac54].bgv	261091911	1788754248	08fd7403d178ea1e2a70969f5cab83a59ff5b55a83e6d857b0d0589df98b0811
graal_dumps/TruffleHotSpotCompilation-3861[ProtosRootNode@65c6d61].bgv	5368968	1788754248	c1441ba16337640d693f89730b3e43b1a1c6ddb81235cfe67e92ca5941081241
graal_dumps/TruffleHotSpotCompilation-3865[ProtosRootNode@76434e29].bgv	4098662	1788754248	921180afb1f6bfefad61fe3a50c22f5f81a313c7ca6f8514f7749ba51a1e65eb
graal_dumps/TruffleHotSpotCompilation-3866[ProtosRootNode@69b34436].bgv	29797412	1788754250	1dc4bbb1a67f81c21f75ab15fe3826636d076682a77a4d8086edc1c4c3b8ba69
graal_dumps/TruffleHotSpotCompilation-3888[ProtosRootNode@1066d4f5].bgv	3562692	1788754250	99e6e169f4a884872459b9f84489dc9227909dd27a4cc1a0f584dd78a7c51669
graal_dumps/TruffleHotSpotCompilation-3890[ProtosRootNode@1ba215f].bgv	160576336	1788754263	88ca1e9c4f64a8c0c779e3278f3b2e7250d87e1608d760f7ea68b02ca23aad6c
graal_dumps/TruffleHotSpotCompilation-3892[ProtosRootNode@1d66d36f].bgv	4098662	1788754263	81b8bf7f0da42ac65f90711b34808cf8362cf078d1868ffd3e206cce9d15c7c6
graal_dumps/TruffleHotSpotCompilation-3893[ProtosRootNode@1e5d547e].bgv	78889724	1788754268	146faef8bf4a323a698f145df11ed3f0fff6479645cb64e07526cb49b8684918
graal_dumps/TruffleHotSpotCompilation-3894[ProtosRootNode@411fb124].bgv	4098661	1788754268	243c311723fcd6340855f36e24ba5e0c407ecc35b694453529ee2f9d4c951aea
graal_dumps/TruffleHotSpotCompilation-3895[ProtosRootNode@33edbf61].bgv	153229259	1788754279	b63ab723e52a4b760dedcfa30b7cfe648442281b1305bd573647633aabe9245c
graal_dumps/TruffleHotSpotCompilation-3898[ProtosRootNode@1066d4f5].bgv	5932526	1788754279	bcc35fc3d5a477571406e632bcf9d6f74f4c6ba0e872afc407376c53e67f6198
graal_dumps/TruffleHotSpotCompilation-3899[ProtosRootNode@1ba215f].bgv	273336403	1788754298	c30a82e8fa9f4557a2b60f6d7aa9456884804262c7fc6e77842f021de36539bb
graal_dumps/TruffleHotSpotCompilation-3902[ProtosRootNode@1d66d36f].bgv	4957259	1788754298	d1cea74d3a4fa5c018fa87ab7a4f6667d41bb21e65dd665de820629028e6ceed
graal_dumps/TruffleHotSpotCompilation-3904[ProtosRootNode@1e5d547e].bgv	131969224	1788754306	6049292ef3571060b646e543bbefb2f8038ee0c7438969d782fbefa9e3184544
graal_dumps/TruffleHotSpotCompilation-3905[ProtosRootNode@411fb124].bgv	4957259	1788754306	e6e6964bdaa031cd4e14cb87fc65a90b87d59842cecd2cdd5bb96b22f568a385
graal_dumps/TruffleHotSpotCompilation-3908[ProtosRootNode@33edbf61].bgv	261091916	1788754327	64cff0cbdee3103538b5a8f28f9ccf3c61107e7574d2068abd49e909dde74d41
graal_dumps/TruffleHotSpotCompilation-3912[ProtosRootNode@7e8c43ee].bgv	5368973	1788754328	14fc358e73ca632aef80e7a4e9a3a6bc7e03189723a46ac24f7c51bcd434d3e7
graal_dumps/TruffleHotSpotCompilation-3915[ProtosRootNode@1aa2aa44].bgv	4098662	1788754328	6e04aa4556a2d1bb05e045a5b7479001d4974174844c94873aa6ba347610abb4
graal_dumps/TruffleHotSpotCompilation-3917[ProtosRootNode@6037e070].bgv	29797411	1788754330	812d17acb7e494306c4bb6fc0fc5f14f587beffa6d23d8545e78929668e8cba6
graal_dumps/TruffleHotSpotCompilation-3924[ProtosRootNode@5930ae93].bgv	3562694	1788754330	4d56fdf31200a63909eec5587f13e58e06e54098032f11f185f0e30c7d45b871
graal_dumps/TruffleHotSpotCompilation-3925[ProtosRootNode@485d0b50].bgv	160576409	1788754345	8f85fe81b06d30495274fb4b1de7ad488c1819ab40b6c335fce5ce7c714a6e7c
graal_dumps/TruffleHotSpotCompilation-3928[ProtosRootNode@130470b6].bgv	4098661	1788754345	612fc5c090f831981256d3db59ec2dae379f0eab10d917770249b6f188b3c5a8
graal_dumps/TruffleHotSpotCompilation-3930[ProtosRootNode@5cfc9db8].bgv	78889723	1788754350	2ca1443d0a86a06da389a62e1c46a4cebec3ee9e9e87e4795a07c0f4d07eb6a0
graal_dumps/TruffleHotSpotCompilation-3931[ProtosRootNode@564ed011].bgv	4098662	1788754350	933f81ba5d9206ada3a8a2720e9082ff4e483a10b4cb345d8c7df55c0529e7db
graal_dumps/TruffleHotSpotCompilation-3932[ProtosRootNode@3161802c].bgv	153229258	1788754362	ea85ba0552f45653154bf5874a98ffc5aae3700447e9f326f35dd18cf1fdd7f9
graal_dumps/TruffleHotSpotCompilation-3933[ProtosRootNode@5930ae93].bgv	5932528	1788754362	35268f266321db6d9bdf1936d54dc7631e681feaeeb2f191fa2ba74d7d0b15a3
graal_dumps/TruffleHotSpotCompilation-3934[ProtosRootNode@485d0b50].bgv	273336540	1788754380	15accabbdbacbd81f4b83805daa64e59ae3d23415f159c3dc827ce2751695cfe
graal_dumps/TruffleHotSpotCompilation-3935[ProtosRootNode@130470b6].bgv	4957260	1788754380	50fbf1c433fe67e6ad0df327f7b014c809bd035704cd9f4d6cc05873aaa3b5e9
graal_dumps/TruffleHotSpotCompilation-3936[ProtosRootNode@5cfc9db8].bgv	131969223	1788754388	2b105884dde1e6d4621a032b1fdd8c362362e2aad57ec524f3b6b35bc8fb1ab5
graal_dumps/TruffleHotSpotCompilation-3937[ProtosRootNode@564ed011].bgv	4957260	1788754388	d9e9de0cc92760657bc136822369d752198dcdb44dc25a8276aa0a0816e26273
graal_dumps/TruffleHotSpotCompilation-3938[ProtosRootNode@3161802c].bgv	261091915	1788754404	a72c7523653206190e99e169c3eb61f164b1ffa9d35712a1cd5fe3d06b5c80de
graal_dumps/TruffleHotSpotCompilation-3943[ProtosRootNode@553721a0].bgv	5368972	1788754405	ad997823ba54343c7ad066a9a753008e26eb0a3ca236912845bb4ba5acf12888
graal_dumps/TruffleHotSpotCompilation-3946[ProtosRootNode@75347bbf].bgv	4098662	1788754405	8af535158dffda2bcc6c7cc5e0f6402c1cf15c9e2c066b30d93ac959199d4ae5
graal_dumps/TruffleHotSpotCompilation-3947[ProtosRootNode@14c0055b].bgv	29797412	1788754406	2d3337272c0dc25dfdc492739b72cc06b0871c003fdf7cca3b63e6554e75ab7f
graal_dumps/TruffleHotSpotCompilation-3961[ProtosRootNode@4ef925f9].bgv	3562694	1788754407	938e77d7ed463319dfeaf00eb3852e39cf852a3a0858a6e61f12ef6eab624549
graal_dumps/TruffleHotSpotCompilation-3962[ProtosRootNode@2abbb7db].bgv	160576408	1788754419	120b352c473d7837689b26428336e33488b5aa12bb74a3a6b16c24d8524413a8
graal_dumps/TruffleHotSpotCompilation-3963[ProtosRootNode@7a6fab09].bgv	4098662	1788754419	c449cc5a2c4ad5e4f3e20df745b8af937e13bbbac437f9e5ce9a4799e783db5b
graal_dumps/TruffleHotSpotCompilation-3965[ProtosRootNode@1da646a5].bgv	78889723	1788754424	e251dfb31c7768a79cc00932e2ba7425992005944b627aa4d422ad1630116eda
graal_dumps/TruffleHotSpotCompilation-3966[ProtosRootNode@1df9e874].bgv	4098661	1788754424	1d6e0980036726225460bbcb431cf45c3345d65b016f7268bac561800c3491c4
graal_dumps/TruffleHotSpotCompilation-3967[ProtosRootNode@29e7d571].bgv	153229258	1788754436	71c9f359457bd7990b955249fd04c41b850744b52cf13f95b4d72db8eeb72a49
graal_dumps/TruffleHotSpotCompilation-3968[ProtosRootNode@4ef925f9].bgv	5932528	1788754436	2abd62313d4adb168476c7705f965050aae1248a9dfbcda12ac3d140f09e6188
graal_dumps/TruffleHotSpotCompilation-3969[ProtosRootNode@2abbb7db].bgv	273336539	1788754459	cf309cd20b14fcb461c2c58610eba3272ecb7e62b80175f875d25d6ea8a8e657
graal_dumps/TruffleHotSpotCompilation-3970[ProtosRootNode@7a6fab09].bgv	4957259	1788754460	4593b11cd9fef4f23ed0527c136d069867fdb8065723577cb209d8f6a9c468b0
graal_dumps/TruffleHotSpotCompilation-3971[ProtosRootNode@1da646a5].bgv	131969223	1788754470	0a0fa675983a382a1375a94753e300b7c92fb0811f3ddaef611f30d752b3bd94
graal_dumps/TruffleHotSpotCompilation-3972[ProtosRootNode@1df9e874].bgv	4957258	1788754470	99966d09a82d8792f2752c6bbfad6c765c22fe4f852a9104887a1ffb52665211
graal_dumps/TruffleHotSpotCompilation-3973[ProtosRootNode@29e7d571].bgv	261091915	1788754488	42c715446c3a9c9bab0f1184b7c02c312dd0eb830434e02d3c595114671d73cd
graal_dumps/TruffleHotSpotCompilation-3974[ProtosRootNode@22b548cf].bgv	5368973	1788754489	9fb7c0847c04833d4d82678d01e5c812df63ce2220bb98b0670c911cc45d2cde
graal_dumps/TruffleHotSpotCompilation-3983[ProtosRootNode@1de8844e].bgv	4098662	1788754489	9a51a82e3257cc453cd8f9279e46ec8e1e275b4e61a16c60cca18dd81f823533
graal_dumps/TruffleHotSpotCompilation-3984[ProtosRootNode@3f860ff8].bgv	29797411	1788754490	40799e48f0479ee398b78199d05fc7d8e26447eaa1ae3fe8d31486257f0e00bd
graal_dumps/TruffleHotSpotCompilation-4002[ProtosRootNode@4813b981].bgv	3562693	1788754491	ff5537f97d194ab60a1f630fe6df0acd1f46891f7331a41540e9bfae79ff107e
graal_dumps/TruffleHotSpotCompilation-4009[ProtosRootNode@192def27].bgv	160576410	1788754503	7e66074020a4a4142e8361d5057248f9969d2e63ec850ddb42379fb16f467fd7
graal_dumps/TruffleHotSpotCompilation-4014[ProtosRootNode@7534eb77].bgv	4098662	1788754503	8c1d0ec4894ae99165d035a94c17a7f9c57891ce6a5b20b5bd69b9be716c916f
graal_dumps/TruffleHotSpotCompilation-4015[ProtosRootNode@617900fa].bgv	78889724	1788754508	9c7f0f7c4a79ba0ac2246c7c5330ad587d05e593039875f6ec20309999f42de5
graal_dumps/TruffleHotSpotCompilation-4017[ProtosRootNode@67e3d2b5].bgv	4098662	1788754509	a246c00e7d485049cdfa35706f3e34a15c8cc708cf96a455d12b811229f446ee
graal_dumps/TruffleHotSpotCompilation-4018[ProtosRootNode@7475cd5d].bgv	153229259	1788754520	e2bdb361e71567e92d5b0f52f57774ebe4e1701109ebeb18adb822401eb0c5f3
graal_dumps/TruffleHotSpotCompilation-4019[ProtosRootNode@4813b981].bgv	5932527	1788754521	5d0b9537ed70b881c2676fa830e004eb04890f772aaa540f7b595d24b87a52a1
graal_dumps/TruffleHotSpotCompilation-4020[ProtosRootNode@192def27].bgv	273336541	1788754539	d93840cab4e6261b36e11cbcd53c015589601a3923b789c0f2959faf744e2d4f
graal_dumps/TruffleHotSpotCompilation-4022[ProtosRootNode@7534eb77].bgv	4957260	1788754539	344ab32936bd745f5eae391a9a1fb6bb94e2a1cbd1f00e40160653310a7544ee
graal_dumps/TruffleHotSpotCompilation-4023[ProtosRootNode@617900fa].bgv	131969224	1788754546	5e42d3dfa707fd501c45a4d00f965f5a412362c7cd7afaabdeef831e3ef89e06
graal_dumps/TruffleHotSpotCompilation-4025[ProtosRootNode@67e3d2b5].bgv	4957259	1788754546	09c86b5786d23a484ee826f6cfa142f9e6d0e1726346c8a52e329e4704b0ecd5
graal_dumps/TruffleHotSpotCompilation-4026[ProtosRootNode@7475cd5d].bgv	261091914	1788754563	ecf5a3bca5e2473599d4b5a6415779f437d6fb5310c752f8b101898cd7993022
graal_dumps/TruffleHotSpotCompilation-4028[ProtosRootNode@416b4900].bgv	5368973	1788754563	dbf3e8d343b43e4a6adcfd0b09a626a1da921caf01d31dee612f6df0f75c35d6
graal_dumps/TruffleHotSpotCompilation-4040[ProtosRootNode@592a82b].bgv	4098657	1788754564	c1cc0f34e029a61e0fbd901ba54220e8713a7a0253e4462358da00d0b0dd3be7
graal_dumps/TruffleHotSpotCompilation-4048[ProtosRootNode@17d0ac33].bgv	29797411	1788754565	efd7113da49b6111afbd19cdb70e5c80f6d143f31dd6744f7e05b9aa18c855dc
graal_dumps/TruffleHotSpotCompilation-4058[ProtosRootNode@25f0a2ef].bgv	3562694	1788754565	d8f31bde1351c0e7af0017fee4067a51cc0bd790b480e75aea641405aab9b4aa
graal_dumps/TruffleHotSpotCompilation-4059[ProtosRootNode@434e1cd6].bgv	160576409	1788754577	2eac6c13b0ef66d17cfb636ed2ed95d8995fc49f6bd6e4e413b6450439b74a49
graal_dumps/TruffleHotSpotCompilation-4060[ProtosRootNode@5ed5bcc1].bgv	4098662	1788754578	04e167e31aec9594b4d14716e445bdda8bbabdb9a33974fd29e1609da0e9337a
graal_dumps/TruffleHotSpotCompilation-4062[ProtosRootNode@654e47cb].bgv	78889724	1788754583	e64c125f0e60ad0bf309570e3e6b5fb159a54a288bee919e171e4ded555ec680
graal_dumps/TruffleHotSpotCompilation-4063[ProtosRootNode@51ea9167].bgv	4098662	1788754583	ecb13491fe01768f0a0a23ecdd99e83f1ea6d0bd8e6a77e2c1214bc525934e95
graal_dumps/TruffleHotSpotCompilation-4064[ProtosRootNode@5f9eab0b].bgv	153229260	1788754594	ee2c97943cfb465af6ad17056ad4f4f937956cece7fe79c31a2526a54a4470c5
graal_dumps/TruffleHotSpotCompilation-4068[ProtosRootNode@25f0a2ef].bgv	5932528	1788754595	ac35e5ec3224fdd7b3a7ae41db23842e3861edddff8c40105db676ce1535d03a
graal_dumps/TruffleHotSpotCompilation-4071[ProtosRootNode@434e1cd6].bgv	273336538	1788754613	9529c373684d6b1cad8e4561df4949f721dc7206ff7ad6373c4ef5c919644506
graal_dumps/TruffleHotSpotCompilation-4075[ProtosRootNode@5ed5bcc1].bgv	4957260	1788754613	f22c2daf131b5219514deddffc5ec80c9151543519497107790fcc7017e7f0c0
graal_dumps/TruffleHotSpotCompilation-4076[ProtosRootNode@654e47cb].bgv	131969224	1788754621	b72352ecf6bcccf3ca671cf8a5f13e70386a8ca771b502ce4028072a23f3350f
graal_dumps/TruffleHotSpotCompilation-4077[ProtosRootNode@51ea9167].bgv	4957260	1788754621	149392fee42c9ada2b9db825ac359c0b8d8caadc37a51b9e314b72af00e4cd90
graal_dumps/TruffleHotSpotCompilation-4078[ProtosRootNode@5f9eab0b].bgv	261091917	1788754638	e766e414f45d711f4c078d82f3f6d7ca2848a7f19022048df83e8b98ff96123b
graal_dumps/TruffleHotSpotCompilation-4079[ProtosRootNode@44338cf8].bgv	5368973	1788754638	0c66fa8afe54f21720452b6aeab36de49ddec000fe5626d19d3a271c3c392363
graal_dumps/TruffleHotSpotCompilation-4083[ProtosRootNode@6c9e882].bgv	4098657	1788754639	ad3c008c3b55d7c3f1194c630de39d0f85ec68a140c85d7918692039c126409b
graal_dumps/TruffleHotSpotCompilation-4085[ProtosRootNode@ab76661].bgv	29797403	1788754640	a7595a782d15bd39f68ce26c3162c726bb5c843508a59f65ef343ca1258232c3
graal_dumps/TruffleHotSpotCompilation-4108[ProtosRootNode@266a69a4].bgv	3562694	1788754640	e4f96bd975eba130ddcb79479e03b07299c6aa222d05b6f9a390c917d2c37abe
graal_dumps/TruffleHotSpotCompilation-4110[ProtosRootNode@6c0be158].bgv	160576408	1788754653	7f488d2539b4f0ab56efaaebf8694da294fcccf02235201b9d472fcdbb2ece5e
graal_dumps/TruffleHotSpotCompilation-4111[ProtosRootNode@7b23e60d].bgv	4098661	1788754653	60e323ab39861a3f09c3f6dea3e5a353e42bb420ccb17d7305aff4fe024c17fc
graal_dumps/TruffleHotSpotCompilation-4112[ProtosRootNode@587cdc0b].bgv	78889724	1788754658	132612c01af37c770f28b3a56c94cd8c6b7b67260512908e7fb76d5490a7618a
graal_dumps/TruffleHotSpotCompilation-4113[ProtosRootNode@242ae485].bgv	4098662	1788754658	d3cc6dec34d1ebf96f1df21ca97895061b33baef4336fc967ee321ca4b7f015c
graal_dumps/TruffleHotSpotCompilation-4114[ProtosRootNode@795557ea].bgv	153229260	1788754670	70c442452a65f0f7ded8c49e381851422bf2de870468255448cf57c4132ccada
graal_dumps/TruffleHotSpotCompilation-4115[ProtosRootNode@266a69a4].bgv	5932528	1788754670	21a8705adb4badebc37dee7335d3bf0435b508c3a893e3ceefb105ad01daea8c
graal_dumps/TruffleHotSpotCompilation-4116[ProtosRootNode@6c0be158].bgv	273336539	1788754688	475964d91d658c8adaa2130543f238c58e92c8638a79cdcc673594b03a734181
graal_dumps/TruffleHotSpotCompilation-4117[ProtosRootNode@7b23e60d].bgv	4957259	1788754688	58f55f7d7e72252d75f31f120bbba3d23ca8d23013a9c5574efe0c57b7269833
graal_dumps/TruffleHotSpotCompilation-4118[ProtosRootNode@587cdc0b].bgv	131969222	1788754695	c10c763b1bf5198f9777e3e5ad7dcef637ffd4d08e3b2a688ec54290551c4a3f
graal_dumps/TruffleHotSpotCompilation-4120[ProtosRootNode@242ae485].bgv	4957260	1788754695	cd35db15ee12d0d580bdc544bf469fe3c3c0ef82c5e4dadbc8a9b97f2ccf746a
graal_dumps/TruffleHotSpotCompilation-4121[ProtosRootNode@795557ea].bgv	261091917	1788754714	db75eda902ab568120df41451ac244bde7a046d17e1abb14b59b8f06b0c64142
graal_dumps/TruffleHotSpotCompilation-4124[ProtosRootNode@4f3b72fa].bgv	5368973	1788754714	6dcc1b7e10fc5cc89ccdf1343b7eb2932ac18b03d7693bffa5a4ebe54012aec0
graal_dumps/TruffleHotSpotCompilation-4127[ProtosRootNode@1bd48a4d].bgv	4098662	1788754714	d54aaa11369291afd6ac2668b2c273698bee8e861026a7cdb1f767d2d1f22a1b
graal_dumps/TruffleHotSpotCompilation-4128[ProtosRootNode@2ef7a400].bgv	29797412	1788754716	a025db697ea1618382aa83c201ee6f40f824958f00e75f82b33cfcde40889f42
graal_dumps/TruffleHotSpotCompilation-4135[ProtosRootNode@42a044d5].bgv	3562694	1788754717	8422f3c541efef6f260b219563a23d9456120d3c3dc19931536a6179135e94cc
graal_dumps/TruffleHotSpotCompilation-4138[ProtosRootNode@3aded36b].bgv	160576412	1788754733	bc570806d36f8f50bbe272d9bbaf0b013c20e4202211e0043d345623c306b155
graal_dumps/TruffleHotSpotCompilation-4139[ProtosRootNode@a41ee30].bgv	4098656	1788754734	714bc6f5a99cf88b75401af1d2c0a78b193064d5699e2f4d0dcfb80106483ffc
graal_dumps/TruffleHotSpotCompilation-4140[ProtosRootNode@2d15fd55].bgv	78889724	1788754740	d272f3956d7d0fc5da33452721db9caca61fe4c3c9a3bfc63f93f629c92c9a8d
graal_dumps/TruffleHotSpotCompilation-4141[ProtosRootNode@34b2fe2e].bgv	4098662	1788754740	07d797a5ffb9b6ca4095ae3c1e7e25ba928cef0eb11d03ed6ed1d58134efcb02
graal_dumps/TruffleHotSpotCompilation-4146[ProtosRootNode@1d763cf0].bgv	153229259	1788754752	ab8ccc317242feae4d0b56e607b5bab86f6f39e203944430006dbe1d2984d7de
graal_dumps/TruffleHotSpotCompilation-4147[ProtosRootNode@42a044d5].bgv	5932527	1788754752	d569380f39c4f45e13cf406755d2076edef3c836c9b482383e4347a87fc87f47
graal_dumps/TruffleHotSpotCompilation-4148[ProtosRootNode@3aded36b].bgv	273336543	1788754770	f0e835eb165df050ac89358ab25404d491f0c238d9e0ca08c6a1eba2a665f53e
graal_dumps/TruffleHotSpotCompilation-4149[ProtosRootNode@a41ee30].bgv	4957253	1788754770	bcb6df5af41b8e5110807417d40546adac7c617733d78e82a9031e347ea9a485
graal_dumps/TruffleHotSpotCompilation-4150[ProtosRootNode@2d15fd55].bgv	131969222	1788754777	4273e004c8db6bb84aa997445b5b584940df8360e267ae0f298b42e9eeeb884c
graal_dumps/TruffleHotSpotCompilation-4151[ProtosRootNode@34b2fe2e].bgv	4957259	1788754778	26ee84c25ec114c3ba0540175584cfb0bb2179e58cb16b989dc12ff1cdb20a92
graal_dumps/TruffleHotSpotCompilation-4152[ProtosRootNode@1d763cf0].bgv	261091916	1788754795	79d18da3ebac78aa9bb078438f4d1559bd1dac9f0296fb4ad579a031351617db
graal_dumps/TruffleHotSpotCompilation-4154[ProtosRootNode@768234c3].bgv	5368971	1788754795	de7d03a3fb9bb15e8cf28eec1b15f92223dc8c258a7752c7bf13ef8201adb8da
graal_dumps/TruffleHotSpotCompilation-4159[ProtosRootNode@6723007c].bgv	4098662	1788754795	f57b7e59046d104d20049740391a0bed0fd25efdd323da93f866a7b47da38306
graal_dumps/TruffleHotSpotCompilation-4163[ProtosRootNode@4d5163b8].bgv	29797412	1788754796	61d222bf994222b5c41999b99f06f4e01dd644f201e413aa95a4daa229016aa4
graal_dumps/TruffleHotSpotCompilation-4175[ProtosRootNode@45a84853].bgv	3562693	1788754797	7d9c04d61b40df7581ae5268ea06b4ccf5d1b56f1b530fb5f22c69f2ce160686
graal_dumps/TruffleHotSpotCompilation-4176[ProtosRootNode@67ccc687].bgv	160576411	1788754809	fed39140d14a9eff74b994d72ab3cb067854434a9f3a6c4cadd5049bd9a18179
graal_dumps/TruffleHotSpotCompilation-4177[ProtosRootNode@51fe6ed3].bgv	4098660	1788754810	7110b515e8eddbf9b297a1fc190650745b6e53894e990086e3b28afbc37fb895
graal_dumps/TruffleHotSpotCompilation-4180[ProtosRootNode@73247f1e].bgv	78889724	1788754814	6b76f927a7a26a1dfb1c00aa1c70ad34cfc728e5c01bf6bdad4bb2c84ee8646a
graal_dumps/TruffleHotSpotCompilation-4181[ProtosRootNode@51f0f8d3].bgv	4098662	1788754815	b5f456f81167d7553ff2e4cc195aa9d6816cb5a0e9aff34fef3f0b5bc0d18b9a
graal_dumps/TruffleHotSpotCompilation-4182[ProtosRootNode@401c7293].bgv	153229260	1788754826	5f8cac3ae345825347d9950de8290b4e9d5879a92a55881984e8edfc0afb6063
graal_dumps/TruffleHotSpotCompilation-4184[ProtosRootNode@45a84853].bgv	5932527	1788754826	55ca3f935761e581ce178e3d444c0427f6032d99fa68fee2d1f4e265d349f6a5
graal_dumps/TruffleHotSpotCompilation-4185[ProtosRootNode@67ccc687].bgv	273336542	1788754844	de7a64e5ec4e15c095785d3a677eaf4d15028e712f8a1f28a24591dc64d0882a
graal_dumps/TruffleHotSpotCompilation-4186[ProtosRootNode@51fe6ed3].bgv	4957258	1788754844	d80c0062ad7720707aad433cf7c9545bfeb8c8a6224180bbf9de91e524de12de
graal_dumps/TruffleHotSpotCompilation-4187[ProtosRootNode@73247f1e].bgv	131969224	1788754852	aab8cc28f4aa0c3853fa2cef981909e579a53366ee7760e5901a0a86eb407283
graal_dumps/TruffleHotSpotCompilation-4188[ProtosRootNode@51f0f8d3].bgv	4957259	1788754852	e7f892e44063b746e30f50a241d09e39d848d67f69f592c095367dc0079a9d06
graal_dumps/TruffleHotSpotCompilation-4189[ProtosRootNode@401c7293].bgv	261091915	1788754869	ecc78546bc3b9a42f8606c12f05abf19e45388782d0d2bce6e5c3ac7af82f192
graal_dumps/TruffleHotSpotCompilation-4190[ProtosRootNode@46d95c77].bgv	5368973	1788754869	41814bbda7b9006a9de780c280c4fd2650a49024fd1b4a8c8581e0a565cbe9f7
graal_dumps/TruffleHotSpotCompilation-4194[ProtosRootNode@2618ea36].bgv	4098661	1788754869	22f815e2af3f57507a38e9f0a8cefdd750ec137191b76e37d9c1b51e67de3ad6
graal_dumps/TruffleHotSpotCompilation-4195[ProtosRootNode@235c6ac1].bgv	29797410	1788754871	bbea4c5e86f51e9fff66c212fbef43587d16ecb8cdea1959ff0e7ab9081a6b62
graal_dumps/TruffleHotSpotCompilation-4202[ProtosRootNode@6c018446].bgv	3562693	1788754871	5948f7db66e43fc2e949e01ddf194218338dd1f6c6fcd03bbbcda9f8702fb243
graal_dumps/TruffleHotSpotCompilation-4203[ProtosRootNode@1c9c6de].bgv	160576335	1788754887	1c1059cb46aa2f3a836e4f782663cf890950cd9d37412032d92d9bf13c29d1c9
graal_dumps/TruffleHotSpotCompilation-4204[ProtosRootNode@1a220f27].bgv	4098662	1788754887	79daa4016c7fb5f249ddcbd82990549696dc6ef8c1aa7d0bce3e36c1769e4ac5
graal_dumps/TruffleHotSpotCompilation-4205[ProtosRootNode@7e2682d7].bgv	78889722	1788754894	0f7bb6cfd69a98cb6e2929b6ef9102e54306b6555e4217b67f9006a74650a518
graal_dumps/TruffleHotSpotCompilation-4206[ProtosRootNode@ee3cea0].bgv	4098657	1788754894	5b45cb0c3cf159ebf2d0fb4236d8ae8f0cbd6fc693e5a4ea96200190f81bb999
graal_dumps/TruffleHotSpotCompilation-4207[ProtosRootNode@b90d5cd].bgv	153229183	1788754908	a35becf31658f7edae8d2265803bd8207681e8a5e10d46394c1b91e8129358d0
graal_dumps/TruffleHotSpotCompilation-4209[ProtosRootNode@6c018446].bgv	5932527	1788754909	964642119f173496dab5a84eaed2687a1d463c185e3005ecef3adbc52471a782
graal_dumps/TruffleHotSpotCompilation-4210[ProtosRootNode@1c9c6de].bgv	273336406	1788754927	0ef3c9092cfe5ff21e98c4a54423b138fd6e363cf3f9924ebdedc31ac530b1c5
graal_dumps/TruffleHotSpotCompilation-4211[ProtosRootNode@1a220f27].bgv	4957258	1788754927	67b09cd8421c46151ef9424fb17376ca6a535e4890e78bc2a34c059d57accef0
graal_dumps/TruffleHotSpotCompilation-4212[ProtosRootNode@7e2682d7].bgv	131969222	1788754935	93d3c1cd6e7e84046adad81c8c856e8b6c4010e0a07b14e648847f09f3fcee2b
graal_dumps/TruffleHotSpotCompilation-4213[ProtosRootNode@ee3cea0].bgv	4957254	1788754935	2ceadf2bddc22fd29205307cbb89516f086a2acf424bf5b507d3b411eea951f4
graal_dumps/TruffleHotSpotCompilation-4214[ProtosRootNode@b90d5cd].bgv	261091778	1788754952	14e86b77b159497af3198926b47d1d8192c8b9aa0b24bda480426ac334678def
graal_dumps/TruffleHotSpotCompilation-4216[ProtosRootNode@607a5fbc].bgv	5368972	1788754952	58c450d27097e1e9ea0668aac746d70a9404202f98f75f494fa342b999d2b12d
graal_dumps/TruffleHotSpotCompilation-4220[ProtosRootNode@2de8d376].bgv	4098662	1788754953	1f06e9e2aa4d48c4dbd7df56a9ea15d740066067f710ce7d46ee109f806769a2
graal_dumps/TruffleHotSpotCompilation-4221[ProtosRootNode@38d6c4d2].bgv	29797411	1788754954	a52edd60d49761a1bdfe232f20ce2bb38a1dd68a2b83007fb43f2197efd2d97c
