source_bgv	compact_path	size_bytes	sha256
graal_dumps/TruffleHotSpotCompilation-1976[ProtosRootNode@1564c23b].bgv	igv_compact/1bb4597bbbed185c68d9268ba58b8f7ee31d82fd612112352be25c281736d63c/summary.ndjson	6119	17e0c6c82508808bee84bf1b88fe3f291f5e9c5eb9db77b1983bcb8aa0a3cf6f
graal_dumps/TruffleHotSpotCompilation-2155[ProtosRootNode@e2c03eb].bgv	igv_compact/5e9ca8b314a26975cfd68c5671e966a63d2b00b19b3cced358c6228b0bd6f6a7/summary.ndjson	12218	b8f5cac1e085e0e00887991f9bb88799f81be154af4939cfad72f696e633bb73
graal_dumps/TruffleHotSpotCompilation-2463[ProtosRootNode@441f7925].bgv	igv_compact/b79986f844b56d124b8641c7e7e3c962beb0577bc4ca9a46a1b3860784d5aca7/summary.ndjson	6415	0c7168ed08a4357ac6487ff5d9b1dd33fc959f66298302e4a074efda5ac5ec86
graal_dumps/TruffleHotSpotCompilation-2473[ProtosRootNode@4051dbe5].bgv	igv_compact/08815e3130b635db429a49e3f09a99763860b73a973fdad875171006ec2442e2/summary.ndjson	9606	e456afa2093ea26275b6be1816efa6e0015644c9ad40e4d648d273d160941fb5
graal_dumps/TruffleHotSpotCompilation-2517[ProtosRootNode@279d1f42].bgv	igv_compact/29310c95455d75a3765f992847261139f11e99f97a8859e616d277c93315a6dd/summary.ndjson	6119	f1cfcfee3e01d0069eba5ff7a1e23aaaeb70c533a357136d216ec02572ad99a5
graal_dumps/TruffleHotSpotCompilation-2519[ProtosRootNode@40ac4667].bgv	igv_compact/322661d9674588cb266fa23c046e6168b10fa4e546f95ef2127fec379160f6f2/summary.ndjson	7554	317b4bc4e5588b4a6d5d1ad1c303bca68832077a26fabf7b428784507344ad64
graal_dumps/TruffleHotSpotCompilation-2546[ProtosRootNode@5b20c5b4].bgv	igv_compact/c0d082b6b43500b1ac8d19ddcc9b7784e90cb1e023f95057c4466173b88871c3/summary.ndjson	6415	e450ad9b5d8b9fd3a677f5690ef7f1ec077ef1da3baf723906206ae9e219cdc4
graal_dumps/TruffleHotSpotCompilation-2553[ProtosRootNode@1136110c].bgv	igv_compact/09e4fb000feca8a271c383d7cce12aa61c2c9a23308ac8561be1503464648ad7/summary.ndjson	12739	d1ac69fd79e03c09491e68ed97318103e0bc700118694f99ce555a11d15c5cbe
graal_dumps/TruffleHotSpotCompilation-2717[ProtosRootNode@1564c23b].bgv	igv_compact/a574b1ec7fbfd8c88984ba6c08e6f3251195827a35eb32be71fbde31e0aac5d0/summary.ndjson	10220	928c54aace8e54cc97482ac3a37616fd21e1284a77c7ceb75c175989c23c3890
graal_dumps/TruffleHotSpotCompilation-2736[ProtosRootNode@e2c03eb].bgv	igv_compact/8290c2b4281c086830cfc276524e73891b4e3664dbce11747f717a14b35c96e4/summary.ndjson	16408	82c43bf9aae97663eb089ea48efd212023a73a8b518431dae0342ff9e4473cf3
graal_dumps/TruffleHotSpotCompilation-2800[ProtosRootNode@441f7925].bgv	igv_compact/5a0b42981800afb14768af75206557a5322100ddc2349b273a49401ede1c57a4/summary.ndjson	10473	d3e6c7e5a66020ef9e817e84fa455c816a723e07b90cc08662096752063e9334
graal_dumps/TruffleHotSpotCompilation-2812[ProtosRootNode@4051dbe5].bgv	igv_compact/620b5953d116e8c4102c51499be368bfc1e4a0ca2156f4e4148a16d9a0038e2b/summary.ndjson	13792	4b0279633b711d4a6bd77fca357d5eeffa4d03968cda6e71c9673152136d2a54
graal_dumps/TruffleHotSpotCompilation-2820[ProtosRootNode@279d1f42].bgv	igv_compact/4f2acf6121f0da4518dc204ea37bbfe2049a37c3a94a0f1d9434aea3c4b4a70e/summary.ndjson	10220	e646123b0e5a2845fa9821e44f9bc99d66503f44a7b4c0a132b3f6b2b8279418
graal_dumps/TruffleHotSpotCompilation-2827[ProtosRootNode@40ac4667].bgv	igv_compact/da4dbc0828c70856cfa7e7b0134be464d011f5aec7a931670df7f657da6471a6/summary.ndjson	11716	137063e8a62cb93c0cb2197d111e40f711633ee46d8d2502b420d7aed06cc778
graal_dumps/TruffleHotSpotCompilation-2840[ProtosRootNode@5b20c5b4].bgv	igv_compact/e4a707cbb99e66e0f517260f9c5caf2df7c61679efca7b676c5c83f4e4eb02bd/summary.ndjson	10473	fe635c2faa91e77f77b1b7369d7702835e8d95f4a84d87149781a647fe936d47
graal_dumps/TruffleHotSpotCompilation-2845[ProtosRootNode@1136110c].bgv	igv_compact/4c1a80b6420a2e478dc20c0ec23992059300ba76539041279b98c1a608ecac88/summary.ndjson	16929	2e6db58a260621b759998e2a09ad16e7a97a93e3c800e472653c2ed24776c453
graal_dumps/TruffleHotSpotCompilation-2873[ProtosRootNode@1958ba48].bgv	igv_compact/47a3d71117a6ed1824a9db0b56048fcbd503e63224f135f546f8c35742659d3e/summary.ndjson	6119	0fc48baa15eca83d61d6bd6f5be14b5fe4850b25ab52c674ed8f89c81b1109d6
graal_dumps/TruffleHotSpotCompilation-2877[ProtosRootNode@73e35412].bgv	igv_compact/3b9abb7b01b2f88c66166c28fb375d8b60e92d64d3c5aaf817f74d660d17fcf2/summary.ndjson	8163	7f0148688f8497318ba8b95ed1b6160fc936ba9d20ab3115e999d559f905ca07
graal_dumps/TruffleHotSpotCompilation-2887[ProtosRootNode@21d81126].bgv	igv_compact/46e5ed9796c1edd23193a0179f03f769b553de3a898f5dd1e415f89b23135d38/summary.ndjson	6415	fb99629afdc2a42a5d56711d221ac867fb13016d832c278b59934649f44f2034
graal_dumps/TruffleHotSpotCompilation-2888[ProtosRootNode@39f10e91].bgv	igv_compact/54380b5230cbe3a49f25fe49b35ad17395e7ca3ce1efdc301f1599a1bc9095e7/summary.ndjson	10004	3ea10248ed13d25458aa5ef4d5c93de84e639468ac3cc08900d9db197734e034
graal_dumps/TruffleHotSpotCompilation-2898[ProtosRootNode@4f9e1435].bgv	igv_compact/2e9abf795442701e5ac9f8b2f6d5018845c4d446465aa011fe0221f3a950dcd7/summary.ndjson	6415	1c11ff8ffdf0b904ca60220a13c853fbc652b98d731feb9ef1194131974f5536
graal_dumps/TruffleHotSpotCompilation-2902[ProtosRootNode@17495b0d].bgv	igv_compact/a4d44391e8d0ed810c4234875f85712463fd91ef60e3d032d6eddd4d0c54e4e6/summary.ndjson	8081	68da9b16eaebfa7811068784fb5f495df9fdd279fba47d2e7f94a354535a5ac7
graal_dumps/TruffleHotSpotCompilation-2913[ProtosRootNode@67c6f0a8].bgv	igv_compact/4ffcf061d17c4bbddda6dca63bff25e287692abbc81b721503d9430559708985/summary.ndjson	6421	3f8bd6e9a47bd36e24fab3bccfb8a8cf89b700ea6a4abb9d20e8aefa593c8ea9
graal_dumps/TruffleHotSpotCompilation-2930[ProtosRootNode@1f7eeec].bgv	igv_compact/0a4c969cc301307b000a33d61d3d5df850596e97a0f6fd059d4e02c3a871fe57/summary.ndjson	6414	5822d2bc44482a6b33edae82027376dcbe57c82a20e58e3f579dc460ce1d9cbe
graal_dumps/TruffleHotSpotCompilation-2932[ProtosRootNode@3eb3f3].bgv	igv_compact/2d66b03614a6a1187a795c97962b19ce7f23e5a41d072c38927d276f3ec78f5a/summary.ndjson	7401	a29473cc7b6ede61ae00c6310922d99bc45bb32f3e0c575b3713f475bc78c82a
graal_dumps/TruffleHotSpotCompilation-3061[ProtosRootNode@7431abd7].bgv	igv_compact/d9f03731cbdbd5a25032c2fa733fa7160bb0fb2ea3d7daf585938e370c17525c/summary.ndjson	6119	463c0d8dd24a96f411716fe2a314a4b5f970f08716e15adae83789de7d3bccad
graal_dumps/TruffleHotSpotCompilation-3066[ProtosRootNode@797a2989].bgv	igv_compact/e386142f5a16909c8c0f1690b1e3e3d3a582305fc096bf4127917534d8c0a3c4/summary.ndjson	12219	a2796c66f785f29de2acb09af8b1277f0a14c52bc4befb797dbe9e03c8c429c1
graal_dumps/TruffleHotSpotCompilation-3086[ProtosRootNode@749def5d].bgv	igv_compact/9991d3c063c3e57c70c1fbb16163aacc2d34eb089b3fd535a5a6f7cbb81ea62f/summary.ndjson	6415	f544cf76d8cbba9b4b8c36bced16ab1f33c0c950683a43c5ef9f4ed8895e2339
graal_dumps/TruffleHotSpotCompilation-3090[ProtosRootNode@3fcdb99b].bgv	igv_compact/70c5f71fabd514c172311895fead0259af11d416c314649331c121b99b1a9bfd/summary.ndjson	9606	1ca21fd2702bc63dfe5d9de671589ab8acc95b1e44ed118edb9a14ee2ee1e76c
graal_dumps/TruffleHotSpotCompilation-3099[ProtosRootNode@56c72762].bgv	igv_compact/75da099541e57c5b7d4436c8790080e42dd94df933f909a319233d693154ebe0/summary.ndjson	6415	40eca169b4fad58df13cde2afb3b2edbced92ddf84c6322669e5eb32cf28af71
graal_dumps/TruffleHotSpotCompilation-3101[ProtosRootNode@2887c7c4].bgv	igv_compact/7c5aa9c62b526305fc52d5f3e6460bf4a943f604484fdae94c3f4317296ae305/summary.ndjson	12739	2ecb9154ad2ef8220f7eba72f9933803da050e863c992daa00d8bc711fc41415
graal_dumps/TruffleHotSpotCompilation-3119[ProtosRootNode@7431abd7].bgv	igv_compact/9a2804a97c5b6e52c34bb86f088aac79d323871bc4aa3e956e489b1bfa291a90/summary.ndjson	10220	4c8478a6a9e251d443b31754a7a20090dfa341665b63c3530c9fb90a68d6d1a1
graal_dumps/TruffleHotSpotCompilation-3125[ProtosRootNode@797a2989].bgv	igv_compact/854ddd5d13f62259a9f5cfee9d82ca43dc2aec866de0f92c6a6008844cadf222/summary.ndjson	16409	d785f8dffa843cfb75229133dd77f589295b061e50a8fd77aaf4e5949768c582
graal_dumps/TruffleHotSpotCompilation-3144[ProtosRootNode@749def5d].bgv	igv_compact/39be23975a31e6d734b652fd21a598a5a00909cd5d5c17f2ff155343dbd31324/summary.ndjson	10473	950a7cd90002f4ee3ba1de73074aa43317f4632e54089cf4d43adb7b46a374c9
graal_dumps/TruffleHotSpotCompilation-3151[ProtosRootNode@3fcdb99b].bgv	igv_compact/17d1413ee4502c75ea9ae9b900e5b672b6e86b45b4dd97c8db429db452b6e1b3/summary.ndjson	13792	0ae4fa6e02b8235a356185a1814141ea5c249ea8fe4331e529147cd0fdfb7edb
graal_dumps/TruffleHotSpotCompilation-3156[ProtosRootNode@56c72762].bgv	igv_compact/bf1039127c3b1caa55042f16670d511c54e0d4f2751bdf76b7c7478bedcfe00e/summary.ndjson	10473	17c1207d8071192a6a680f4b11c0b88ea74e48952681002173794058dcee8cbb
graal_dumps/TruffleHotSpotCompilation-3159[ProtosRootNode@2887c7c4].bgv	igv_compact/95d3204773e041944b726673ee2b7c428d354801e3e9f314fe83ce21df7ecebb/summary.ndjson	16929	18d1ad095b42ad851741408c2ee719deed3c45f5303a77626995e11b6adf6bc7
graal_dumps/TruffleHotSpotCompilation-3163[ProtosRootNode@2e117338].bgv	igv_compact/798c5885b1c22ac501177a5cec3c0e23bfa4a74e486e77d96431a55eab468c35/summary.ndjson	6421	bcd1c0773fdfb77db99b216b5817f52b27e57dc5c77e25987eafe62599a9b72e
graal_dumps/TruffleHotSpotCompilation-3174[ProtosRootNode@4b3bdf47].bgv	igv_compact/06c88f6e697bd63d3247d4beef5ee7243e1f55f5cbcae80ce541926cb3f65602/summary.ndjson	6415	ccd50d5b5f4b93471320505eaabaeb6361fd6535dfddb7d811d466bc67586c94
graal_dumps/TruffleHotSpotCompilation-3180[ProtosRootNode@1d1f3be3].bgv	igv_compact/4dc5d300e5793338e70164fccacae71c00bc5760d82a083f6d81cf230bcfa9b5/summary.ndjson	7403	850117caf0d8587c49be6b1e82b168a020ca56929052543b5d5be2e93ba02fec
graal_dumps/TruffleHotSpotCompilation-3240[ProtosRootNode@4650bb62].bgv	igv_compact/bffd083f6dc85a1ed9d43d7773f2f21c6399f83194d0e9f294252ac1ec018375/summary.ndjson	6119	a6fb842410a1cf4a13ba3e56e9a404105585a97a571fe42d34071508edfe68aa
graal_dumps/TruffleHotSpotCompilation-3241[ProtosRootNode@379db121].bgv	igv_compact/e3ec06300eaf968232a4ff2a55f5f9a1119c1e16161e72c975f848b06bf402f2/summary.ndjson	12219	860d6001442c5ec01f5e517f0d93f4e2a7bc8cfad4bd39cbe773967e58222ec9
graal_dumps/TruffleHotSpotCompilation-3246[ProtosRootNode@e7375b2].bgv	igv_compact/7d042d9c141e0be80403cc89be483f4f5faac4e1158c1e37923da5d8055d807b/summary.ndjson	6414	a0cfd647c63412aad3b5d238133a1ad68ba36771608a523cf0ea41491ceeb0ee
graal_dumps/TruffleHotSpotCompilation-3250[ProtosRootNode@b188c49].bgv	igv_compact/6d36a9a417f7cc402c8eaa3f00afe3c62b7389d73f8e4d42abee76f0231846f8/summary.ndjson	9605	bf05c5fb890bb2ace51b98bbd0c0a510c2ec39e499e033ee3c9b0c7bd6c50571
graal_dumps/TruffleHotSpotCompilation-3252[ProtosRootNode@4285b5b2].bgv	igv_compact/8c04593d3b916a66598c6ce446b6393f4a89bee73240866f93a57287370c4bd1/summary.ndjson	6415	6338eb7ca5980af39324666efe3686e9ddf9d6c85c84b40dbe4681a79da28f44
graal_dumps/TruffleHotSpotCompilation-3254[ProtosRootNode@7c17d9b9].bgv	igv_compact/5b21fc5c3b11bca2d2793158a9fb9e58788f5c1dfeffa7b16f3a8005aeedb244/summary.ndjson	12739	6a78b3cbd08fb3278fc853226d6ff4cdbbc9833c6263fbc69826bd4730aa7ecf
graal_dumps/TruffleHotSpotCompilation-3272[ProtosRootNode@4650bb62].bgv	igv_compact/661434daa35e16130921932f0a6101fa48df89ee8cfa8fee8d51aa4bf1e3e9ca/summary.ndjson	10220	df0a6b6632fe5653edac8e50677d59abc6e599f9d58dd63c469d0b8f9665c98c
graal_dumps/TruffleHotSpotCompilation-3276[ProtosRootNode@379db121].bgv	igv_compact/ccfcee84a9b42150b4cccdaba66eb03bd22afc53ba0a96888a4a81550231a554/summary.ndjson	16409	b5db1fa61b8564f9ee8881402b425b4e2c7f320af145009bf993085240b06b31
graal_dumps/TruffleHotSpotCompilation-3286[ProtosRootNode@e7375b2].bgv	igv_compact/583496195d1d1fb1881a7a2240d37cc37aa2d27f5e8c05f2c2f7726baee23f70/summary.ndjson	10472	7414ffae82477728829cc8b33b3f5df9ff5639ea7e9e71fcce0d3d738331a953
graal_dumps/TruffleHotSpotCompilation-3288[ProtosRootNode@b188c49].bgv	igv_compact/b968ac029524021f4c6f382c9ff93c9f37a6913720ef2f8f80295c88591af635/summary.ndjson	13791	916ed6015423a9acba7754820885ca598f3ed1ea22a45a22f76faf0853b4060c
graal_dumps/TruffleHotSpotCompilation-3289[ProtosRootNode@4285b5b2].bgv	igv_compact/46a6b05ecb46eab54cb2ae07b5714e2ea378a531a57da1a6e58ff2c19dc8ac75/summary.ndjson	10473	0dc390da7cb7e56951ba37a945aeea077d09899fac47326a916f35ba2727742c
graal_dumps/TruffleHotSpotCompilation-3290[ProtosRootNode@7c17d9b9].bgv	igv_compact/caeac90480aa25d831c9292cb4fe074a383a7ca7e9a73175ce3170a02d5844ee/summary.ndjson	16929	e23bceba71f94708bb861a03c3e6f9ca52be737880db8ac744e988c4a1c5914a
graal_dumps/TruffleHotSpotCompilation-3295[ProtosRootNode@5e05bd82].bgv	igv_compact/7a4532a7e2fd5b4f24204a3d2280069702a6866b7e588c064c8f4a5dbdddcfa4/summary.ndjson	6421	74c88ea4f66f7636dde6291e6b3737a8cd47fbfa58f49cdb6ce1675c25340144
graal_dumps/TruffleHotSpotCompilation-3304[ProtosRootNode@2c473a82].bgv	igv_compact/b667ade1e7a891e9c0cb2d0f7e0e6fa87635bb4202a67dbefb9139f78172c42a/summary.ndjson	6415	eb3c8bdae9fa2df61cb5a00f130e6ac153d97db2f9f19d4f59d61edf1d95a157
graal_dumps/TruffleHotSpotCompilation-3305[ProtosRootNode@66b77aec].bgv	igv_compact/1fba33c8f0df3d2d0bf82b0602d8264365c72050cc491547a17744306a177022/summary.ndjson	7403	d296ed9091007d3a307feb4d78453c115aeb7491ca39f59ef42bf7c3fe71af55
graal_dumps/TruffleHotSpotCompilation-3341[ProtosRootNode@5871ed6f].bgv	igv_compact/9c1bb0e46cb2dd7a85b8d80ab2268d2326290d2619ea2ccdb7d1d1a89e7778fa/summary.ndjson	6119	d26c17e108902476bfde0047121a17979dfbc3747dec083d9a532f0ee1d6fc02
graal_dumps/TruffleHotSpotCompilation-3344[ProtosRootNode@4b026780].bgv	igv_compact/2b305f3fc88c3c5c029520e382001a19fc8741ea126dc3b2306464038b9650cc/summary.ndjson	12219	590dfb729eac277dee383e5789c1fcd908e912af1768ca9769839139e0261160
graal_dumps/TruffleHotSpotCompilation-3350[ProtosRootNode@3c03b3b].bgv	igv_compact/adce767636e7995bafa19bed3fea3c419ad221b9bda830305046a70490395b55/summary.ndjson	6414	cc56ffa79862083477eec753f25a31f24f47a8b75fc60670be3c45bdc9bd078b
graal_dumps/TruffleHotSpotCompilation-3355[ProtosRootNode@49f68fc0].bgv	igv_compact/81efbaddcbe433810e839f2fa125d15a543a00abc6ef83b956219e7cdb58fcdc/summary.ndjson	9606	aa1253d7e0e913a7232aeac104a2485c5e4fbaa8095a6d0daad6c3ab3d7aebe4
graal_dumps/TruffleHotSpotCompilation-3360[ProtosRootNode@36a29307].bgv	igv_compact/e2e0d504594a4c9ef5ecc80283bddac3fb7c5e4d453a3ffe3e70b2680beda21a/summary.ndjson	6415	65699bcbaa85502a29e9c3e4555a48c6c3da8952c28bb22507926f166325778f
graal_dumps/TruffleHotSpotCompilation-3366[ProtosRootNode@5238833f].bgv	igv_compact/d487b5991d19c067db8ef7ed8d8761c9cffc6825e637c6594298e2a1d7c6cad8/summary.ndjson	12739	16f5c8cbf6d99f2540e2118cbe07f7f02d371ecdeca7a48da1ef0b1e2ee43c3b
graal_dumps/TruffleHotSpotCompilation-3369[ProtosRootNode@5871ed6f].bgv	igv_compact/2f334e15ac7e68a50247ac6d4fe32bfc5c79fd867091b27798d54dadfc942054/summary.ndjson	10220	305bbca7fa677c8b8c26fd202188b1d3de51bfe563f86420707bdb68b44cb352
graal_dumps/TruffleHotSpotCompilation-3370[ProtosRootNode@4b026780].bgv	igv_compact/bb3e0460a136563b88718a610922c4a6f6155518fe4f0fde938d11b92a83ffc6/summary.ndjson	16409	fc2535927c15b13feac8bc3bcc198b4de9e00281c91df8df985740e2b9dd45ef
graal_dumps/TruffleHotSpotCompilation-3372[ProtosRootNode@3c03b3b].bgv	igv_compact/f2f44281c0d28cb7c8153260a1341d005b38d630cbad011e848fb032be8c55f2/summary.ndjson	10472	c2308bb8eaafdaf17a076f9ff11be2ebe8e72d14283f216d2f189eb3746a96e3
graal_dumps/TruffleHotSpotCompilation-3379[ProtosRootNode@49f68fc0].bgv	igv_compact/4d79bf9fa56fce21e8ffa89edb9c62b2da613b36969ef5854d273b09756b7892/summary.ndjson	13792	bc56f042b8d420e7df2cdf90b4c8bab87c17b37e795aa0d6ec37774050ae5975
graal_dumps/TruffleHotSpotCompilation-3388[ProtosRootNode@36a29307].bgv	igv_compact/045327db4f61820da60b9ef768815399bea979a9ca55b74170e243031f422dd2/summary.ndjson	10473	9c14bdc12530a87c051ecbda5ead35fd651becbf95fec498fbf799844a28ea8a
graal_dumps/TruffleHotSpotCompilation-3394[ProtosRootNode@5238833f].bgv	igv_compact/fa8e6af4ebf7d4084ad3460c43567329814e83b4ce6cacaad00014267df5e9a3/summary.ndjson	16929	fb2c2d032ed8548d56467df95ef06dfefc588f7ac8c5dc214ff553306b0d3db4
graal_dumps/TruffleHotSpotCompilation-3399[ProtosRootNode@2a551156].bgv	igv_compact/ab7d88458830acca3f10e04eccf538fecc668964add9126ad218efddb40b74f6/summary.ndjson	6421	d940bb405b5c8f74056c0adb6a29646eff907f930b4b60d69b0c35bce64cccbd
graal_dumps/TruffleHotSpotCompilation-3407[ProtosRootNode@7f89c001].bgv	igv_compact/7ad123b05fd19da65777b2698caf5f11131257bbe3bc765a4da5d0b77b8fc554/summary.ndjson	6415	b4edaa37dfe0556ce25de549a7e08a1bfa364bf57069744b2db347b129ab3b8e
graal_dumps/TruffleHotSpotCompilation-3408[ProtosRootNode@5e57190].bgv	igv_compact/601640b75570a4c1c1f0afc3e601b4e5884691ae2bae140eabc5e1f485e165cf/summary.ndjson	7402	4720572ebf96e925ead23959cf5f083489dcca0bc681a6b04d012aed72fa4f87
graal_dumps/TruffleHotSpotCompilation-3444[ProtosRootNode@cf998a4].bgv	igv_compact/2fc6bb5496c3270a5382e98c8e42fd774fb27e62e632bac00acfa6f9816255b2/summary.ndjson	6118	484e578828d7a760a7c63a3ee7e603b93f89b6646b7d8d9ce5880520060aac05
graal_dumps/TruffleHotSpotCompilation-3446[ProtosRootNode@7290797b].bgv	igv_compact/398634414370c52e6cf47505ee2cee6daec142b463da2b6335416eb454e3af10/summary.ndjson	12219	09a81eca057c23556dcf10aced7644a855607804be78aa8d1457c2e77c48872c
graal_dumps/TruffleHotSpotCompilation-3450[ProtosRootNode@71f29e4a].bgv	igv_compact/52d3c2698bc65396a595be1fa38d63a799d7a849b98c03cdb700f4cdef684107/summary.ndjson	6415	1cda837671b869b35edcad83441893875d516d64920f71d2343dfbc2f06bc3bb
graal_dumps/TruffleHotSpotCompilation-3453[ProtosRootNode@6804749f].bgv	igv_compact/93a45de9bcc6fc1acac0399808a11e452fe78950ea4e692b51df66810c41f7cf/summary.ndjson	9606	901bd3f268d258cdfa5cd63fb5864e36dc3ec78acc6c3e8c8dcafb040ebf3af8
graal_dumps/TruffleHotSpotCompilation-3460[ProtosRootNode@ca1748f].bgv	igv_compact/93fa0cc655ef270008216f9149628244fcb0b791ed228ce97e3d50a81a957b78/summary.ndjson	6414	ec6529dc24c03cf1a254d23e1b3aebafa6899522b4ba3a5eecde555b3714c9d5
graal_dumps/TruffleHotSpotCompilation-3461[ProtosRootNode@1693e7f].bgv	igv_compact/1997bed9468df76082ba024d8b9635873c3b8d4178cdc0769937af379d765c8c/summary.ndjson	12738	f48014eb7e52e1654f4cdf59c29d9604601032a4d03e81c294f7aece7c30fdf1
graal_dumps/TruffleHotSpotCompilation-3464[ProtosRootNode@cf998a4].bgv	igv_compact/29ee2e35fb2e38e6b5158e712e2b18df307c800840e620dc615d5ebdb253663b/summary.ndjson	10219	78879ac7bc577f2ebe01745117f1ebb2d24afade058132cf3f424d40f192ce1a
graal_dumps/TruffleHotSpotCompilation-3468[ProtosRootNode@7290797b].bgv	igv_compact/f799c3a0fdd2638c6dc68d9b555c6813c1bdf17e8fc3c8ee8f9e412975ebde71/summary.ndjson	16409	d58ad3915f441c8489aaa10a808f4d75cbe6f7fdcdc07d75c67952b0ac7135e3
graal_dumps/TruffleHotSpotCompilation-3478[ProtosRootNode@71f29e4a].bgv	igv_compact/a7ec24cc5efc4798db118fd80cea7fc44891201b67bd4455288faca1e117daea/summary.ndjson	10473	802493e3578bc08150c653f1d7efff04e83c8f516f8275c969d176ff52c3b28a
graal_dumps/TruffleHotSpotCompilation-3487[ProtosRootNode@6804749f].bgv	igv_compact/7ea88996c5479dd86884acbe65e2c54a651d204ac4897d0493ae8c37797416ce/summary.ndjson	13792	d86a3dc23c21ed936ddea855e279e7f94827c041f3dfda18eee0ff1d9ca2e1e5
graal_dumps/TruffleHotSpotCompilation-3493[ProtosRootNode@ca1748f].bgv	igv_compact/0c5ca6cf577be4a643e740aa5536f03a2f9181687055a4fab1b9cceb0e523763/summary.ndjson	10472	7d48937704b613e8bd60b0e3a2849a76190134f9433477ebeed41a0776466a6b
graal_dumps/TruffleHotSpotCompilation-3494[ProtosRootNode@1693e7f].bgv	igv_compact/63f0e342601b74bb5597f697f93c0e25f33a69c5df7f2dc3153f462c7657ad49/summary.ndjson	16928	0b8a00931c33488672c234f7c4cb421d566682ad3786e427108730933044483a
graal_dumps/TruffleHotSpotCompilation-3495[ProtosRootNode@37fb4d7].bgv	igv_compact/334efccbc4aaa2b91e7f59708f56d2a513d2e7d26b30533b96795b49e92aaef7/summary.ndjson	6420	77cb91281918fa04a27893cc2da0ca7437661e7232cc8f7da5814e8f6ea4ccd6
graal_dumps/TruffleHotSpotCompilation-3503[ProtosRootNode@1ae1833b].bgv	igv_compact/2ec4c44b59804e35be0436bc6a065a868117941c8cf35683885d7969d40f3ba4/summary.ndjson	6415	0fb369ba0e2b9e358b6e7296f1d3b1ce51ea16307d1965f9cbc53ca76c256da4
graal_dumps/TruffleHotSpotCompilation-3504[ProtosRootNode@1f446b6].bgv	igv_compact/86bea3071af5db204f7cc0495f83b97b61e0cfae5ee30058a36b85d6fc47200e/summary.ndjson	7402	154a569178dae34156da8d5a9a3af04902db046345636c61cb19e42dd1fa720f
graal_dumps/TruffleHotSpotCompilation-3531[ProtosRootNode@5256db8b].bgv	igv_compact/8732ccd1958b20020476ed08d1ea5a88c359c8c172e1a40d6245d5822236f91b/summary.ndjson	6119	a230a487c114a3d4c6a42c9a4e7d37eb376043f62d76dadb227e92643cbf9248
graal_dumps/TruffleHotSpotCompilation-3533[ProtosRootNode@1c9e2fdf].bgv	igv_compact/7473119287fce4d097a7125cecd7afbed7f1e0e967d89978864bf81a799e7545/summary.ndjson	12219	4748de3076b850b64722d2be7a3a957e13157812f3be953b04dad0da097af8d8
graal_dumps/TruffleHotSpotCompilation-3537[ProtosRootNode@29ed0f2].bgv	igv_compact/431eee3ff107f2e9ca721cbdd488cf183675a526e9996f5d04833398fda6baf0/summary.ndjson	6414	b89b5a387fb235f9010045a78a851799803e562dce54d29c5759ee6a684c8033
graal_dumps/TruffleHotSpotCompilation-3539[ProtosRootNode@65c7c1bd].bgv	igv_compact/ac4278036567d1d267b88d14f2f710f660029cec01eb8befdcfc4762d118125b/summary.ndjson	9606	bc880db79439118467bf97a48e1abca8c5587777a0bc7bb6131f4f3c16ae6fd2
graal_dumps/TruffleHotSpotCompilation-3544[ProtosRootNode@2ae4ad47].bgv	igv_compact/e80b5cb901b480a2b538c2844151436551e38e32fd0a9ca39c6a8945f63a898b/summary.ndjson	6415	fccc3cd8ff5f0f157cd1ed5bdf5447950a3b1009603f6cec4952bd647975ca41
graal_dumps/TruffleHotSpotCompilation-3545[ProtosRootNode@3fc50485].bgv	igv_compact/7e044fcdc21d756ccc597c0132c932b7673f1d75309001c54773ef10e4b5c156/summary.ndjson	12739	0853c565adffc204ba04b6d1e320cc02bc38d09e88b338231885ab845a5e075f
graal_dumps/TruffleHotSpotCompilation-3550[ProtosRootNode@5256db8b].bgv	igv_compact/2922087a98cea9d5a611be687126aa9aa54b66813e35ebc68c4207b7b24e3c80/summary.ndjson	10220	914f377d4fcb4226e67fa6c9ea963a8b5f3eb9e52c9a876c489c69ddc858f41a
graal_dumps/TruffleHotSpotCompilation-3551[ProtosRootNode@1c9e2fdf].bgv	igv_compact/7ee97eea36a3512fd6179f090be0a46836f71d71e67167122a612f326266bf27/summary.ndjson	16409	d4665bc1ce1885fcce1185d75c3fc9652170fe809f0070d8312440a2d5eaf7f1
graal_dumps/TruffleHotSpotCompilation-3554[ProtosRootNode@29ed0f2].bgv	igv_compact/648d1748b892b7a17ba7777e3bcb7aa6173688a37d5a96474c0b7ad7139fae41/summary.ndjson	10472	eac46eee0ecccb535e162c9801f684f9053e4f14c849eb3dfb60da397e8375a8
graal_dumps/TruffleHotSpotCompilation-3555[ProtosRootNode@65c7c1bd].bgv	igv_compact/12d9a2ca964ae20deb7b5bb01475a5060cc32c03f58002afec2021ecbef1df0c/summary.ndjson	13792	cbaaf23f2ae52ec9b89ddab8ef4f7e83f88c53a685d16e0806b771e69e04169c
graal_dumps/TruffleHotSpotCompilation-3557[ProtosRootNode@2ae4ad47].bgv	igv_compact/acca8463665980f0bacc5d2426c381cfa9363b26a320f269b770396412ab8db2/summary.ndjson	10473	521b4c0666d9c7aa996d14bdfaaa582435e655d293495a46ea2ad9205279b849
graal_dumps/TruffleHotSpotCompilation-3558[ProtosRootNode@3fc50485].bgv	igv_compact/670a275895fb837895279dd78a296a030ca2e30ef8109623c93f830d30c9bbcf/summary.ndjson	16929	12564cb6ecec9922177fe11858c0e77773e263eada5910eda760c3fc6fcfda3a
graal_dumps/TruffleHotSpotCompilation-3568[ProtosRootNode@404e70cc].bgv	igv_compact/78a97796d4547dccbec76347ec137f15f109b629152a0174a2229a569cf5ad15/summary.ndjson	6421	3b13fdb35cba6c7922fb2cb6e77d82acb2c0786ca14e1194932e3e9c02932eab
graal_dumps/TruffleHotSpotCompilation-3571[ProtosRootNode@4cd633d2].bgv	igv_compact/86621a84285b8f4078f079f9fd9767d00e367839ea7a48fdaeab326ea48eb849/summary.ndjson	6415	84c45c53c1753ddfbe648fa2a3e371f370ac44d333e68b0ccbe6aa11860aedec
graal_dumps/TruffleHotSpotCompilation-3572[ProtosRootNode@1fbef489].bgv	igv_compact/7982ae62d40cee9f34e43a2e3d7a5fe18463022ff03f3af4a24169fa413c74fe/summary.ndjson	7403	2da5605a94eff1a3e26a29d52074f24a255590faf723c1b2143bc8f02f596639
graal_dumps/TruffleHotSpotCompilation-3600[ProtosRootNode@7839fc93].bgv	igv_compact/e130f3564ac6bad308459f5a508213115a8c916c691d192d77a8ee471d5b7408/summary.ndjson	6119	cc6dd56b0114c37ef611f2e749a3de5479521813c3cc99992a000384917bc93c
graal_dumps/TruffleHotSpotCompilation-3601[ProtosRootNode@46607f37].bgv	igv_compact/0bd9f97d91592805c43d32ccc868acfe914324fd07d29c258ae55a0bcc8068dd/summary.ndjson	12219	e664313bb2fe6fa5aa8db2c769f89d822c15882c6f762d4892a66da098cf7e8a
graal_dumps/TruffleHotSpotCompilation-3602[ProtosRootNode@2f4e2078].bgv	igv_compact/ed21c84d320bd84d08cb6a0c58c51196d610bcafe31407d0336a213a479d7d6d/summary.ndjson	6415	fd823f9ade112f9cb4df1fec699966f86749ea0939efc196ded382f4f784473d
graal_dumps/TruffleHotSpotCompilation-3604[ProtosRootNode@5f2d70f8].bgv	igv_compact/b79f9bdc0f5aff74a43071bfd61f64f7ecf28aa66e45d8e0252d0596560bd6d2/summary.ndjson	9606	5cd92640f1389446635098360d6ba09808dde315606b770b789b50beea0f1019
graal_dumps/TruffleHotSpotCompilation-3607[ProtosRootNode@7811e51e].bgv	igv_compact/c3329c4ac7a90a3627768b74ee287b09712821a4843b606bfb0ce37eafa7eafa/summary.ndjson	6415	36f7a236f2504048a03b97382d0037332cbc98cb20df221e9ee4bae54a7ad36b
graal_dumps/TruffleHotSpotCompilation-3609[ProtosRootNode@2953bc7f].bgv	igv_compact/255bc49edd6928a48d85e8c0f3dfd1858311bbdd463592c09dcf2e640a88e8eb/summary.ndjson	12739	9de73de1427f3d66b3594015a41a8c9871f4821cf9e2f23c8bbd0e3f133c0fb0
graal_dumps/TruffleHotSpotCompilation-3610[ProtosRootNode@7839fc93].bgv	igv_compact/03698a0b94c110ef1ba65d9a65cd761adf485b55f82687fb4bb0c378b1490302/summary.ndjson	10220	87fa906f876532065352ac5adf69159c6bdcc8c2dc53f501dab75bc4cb72643c
graal_dumps/TruffleHotSpotCompilation-3611[ProtosRootNode@46607f37].bgv	igv_compact/a55ed2d426633931b32f563b7fd9d0da53952e77a8cd2f70f651555a4d6201ad/summary.ndjson	16409	46e579511f80c4515d9bec8ae4d122611f4258c0999dcc84616b5955b05c50e9
graal_dumps/TruffleHotSpotCompilation-3615[ProtosRootNode@2f4e2078].bgv	igv_compact/3d80840bdaa985601b0ed8e9d7abb4ded040c88a4542c453392f0d15492ea4f6/summary.ndjson	10473	c38b91a43e596a50940fafb296abcc619a2d5a5adbb691378e2f0a6d80284b66
graal_dumps/TruffleHotSpotCompilation-3618[ProtosRootNode@5f2d70f8].bgv	igv_compact/0775899df4015f4bee3a6589fda19484c36b09e6c04bfe2063c02609d23058c6/summary.ndjson	13792	912565787ffd0588a81e7bd9f1c4ab0c54eee6774c36ac2f190773c945b3fe39
graal_dumps/TruffleHotSpotCompilation-3619[ProtosRootNode@7811e51e].bgv	igv_compact/8b6a2ca144e99d7e834eede06a331d1083616b99f4a666d405db31308e96d373/summary.ndjson	10473	fc778f47c34fd96425a8a19ae14e4f9ebf317c3012a21188df9820102013da7d
graal_dumps/TruffleHotSpotCompilation-3621[ProtosRootNode@2953bc7f].bgv	igv_compact/1f040b61516f042f242045ae6d709760828ca2f9bf7d0455e05fa9bef8384e3f/summary.ndjson	16929	67791cde922666d75694dedf754d7958bdfa92fa2675fc810a7ce11cdc287b83
graal_dumps/TruffleHotSpotCompilation-3623[ProtosRootNode@5b0d6488].bgv	igv_compact/b6e0a4569397c74df63f01f0fab01936d2b82afbaad2ed72ada63bbde4c28b5f/summary.ndjson	6421	92e3d95936b74a41f94ba15b43c3b325dcdac32ec196c325b82039a4f39fdf69
graal_dumps/TruffleHotSpotCompilation-3628[ProtosRootNode@7b293124].bgv	igv_compact/0126f2ed36ad8b95dc407a81b0b6111a2bb76dabd87e79289b251679e25d61cd/summary.ndjson	6415	8718d1a90187999a4059608fba3c0c3b1f81e87b73e9f88ffcd6bf2ae4998f1b
graal_dumps/TruffleHotSpotCompilation-3639[ProtosRootNode@682dc572].bgv	igv_compact/2c0f7fd60bf9e5a686ea083654485f96162b486e371b97a374acb8ae5b917455/summary.ndjson	7403	437003b048edc7038236a2307f46f9f9fcbf83f86f95a6ee33444881232a98c9
graal_dumps/TruffleHotSpotCompilation-3667[ProtosRootNode@5fcb2f1e].bgv	igv_compact/e310313db8a0dc095a146fbef7355e26eba1d589dce8cf38f4a7d8543330b081/summary.ndjson	6119	e4c741f456df5393fe2ae3092f5c642e6361507b362613599282a876e116039b
graal_dumps/TruffleHotSpotCompilation-3668[ProtosRootNode@5ad9446].bgv	igv_compact/3891ee0b400d9282cf5724feead9e6d03d38ac57373c5f3abe2f747669c3e7af/summary.ndjson	12218	a36255d94d5943dc1f26d18841ca17a7dfd6ca1d4e28c0a99a1de4f8b6f1345d
graal_dumps/TruffleHotSpotCompilation-3670[ProtosRootNode@1e722735].bgv	igv_compact/f90c9b8529b846d0c0ae6511081fdb41df299015d2ad75c047765acf6e1cad69/summary.ndjson	6415	8f9e5bea8eac9e9598734d545d30cc0ec26b476941f73f2be35a259d36fbcdcf
graal_dumps/TruffleHotSpotCompilation-3672[ProtosRootNode@5bbb93b0].bgv	igv_compact/33905ac94fe86035c208825f8e3f81ce3e7ad0335ceccebcfb84f9b9da1c81cf/summary.ndjson	9606	cbc65b971e628d51800c5fcbaf3558040508741e5fec26ea0c45b31103b09c92
graal_dumps/TruffleHotSpotCompilation-3675[ProtosRootNode@c8eb0a3].bgv	igv_compact/eb6c6f5f6d789c8ac952a804e5034635401c6c848f9b3368fa595aae8be42cf9/summary.ndjson	6414	ff316de57001321d674336dfba8f5d1ea81cba83d472760ebfa802d119da6e26
graal_dumps/TruffleHotSpotCompilation-3681[ProtosRootNode@532ad39].bgv	igv_compact/574d229a2bd6ad07bd52481fa3606ab75703805c24151d14e413d7d5a0a6d6e8/summary.ndjson	12738	d14bd1b38a1ec224cc9f0e2fc6c6b77c5c2851d2f2365f9834dbb0c04ce2c22e
graal_dumps/TruffleHotSpotCompilation-3683[ProtosRootNode@5fcb2f1e].bgv	igv_compact/e46a394b5614bc796c609fedebb8f4c2aba62545a6bae616549b27d3dd5c1df4/summary.ndjson	10220	42a50fcdc4cb194c33136a9895a4296b993782c64030c97292739b2abeb130cc
graal_dumps/TruffleHotSpotCompilation-3684[ProtosRootNode@5ad9446].bgv	igv_compact/d357b9e5c62478fd27284c168b3d196664643128df1d74f85d5a7a2ad33d6369/summary.ndjson	16408	ae60f2380b6ce24fd0614b771cf39643251b5600398eacc1de5e1b5ab67171d0
graal_dumps/TruffleHotSpotCompilation-3687[ProtosRootNode@1e722735].bgv	igv_compact/2789577c140706abe71a6091e68ae3bf0051766d3b160d2983e086382dbf0c30/summary.ndjson	10473	fecbccd587aaa187363cbd6acd8bba6a20a598d3743484e422d57230dbb8fb74
graal_dumps/TruffleHotSpotCompilation-3688[ProtosRootNode@5bbb93b0].bgv	igv_compact/912d77300d301a9b2ac46bda66176814045fc41163bfc0502a8d521ef19d3973/summary.ndjson	13792	a3aa8198e5ce1d8562e892d92eccb535d28571d76a1c75b79cc7b100814a2faf
graal_dumps/TruffleHotSpotCompilation-3689[ProtosRootNode@c8eb0a3].bgv	igv_compact/c077552ba6427b1f8a3f879c391146672585c22fb59c5d411deed788dd6373eb/summary.ndjson	10472	cec8008f5fbb7f5ae02e4ce3c3fe4a37a5c59da7c5dafb25a23830a23338a7b5
graal_dumps/TruffleHotSpotCompilation-3690[ProtosRootNode@532ad39].bgv	igv_compact/c83d26e0abf531ab77507b1115a18269ce9baa78431b4a501822f296ec56d046/summary.ndjson	16928	7ee13055e71f58ed48c3eb25284b5d58de7e15ad4fd74456500962db2b15bd6d
graal_dumps/TruffleHotSpotCompilation-3691[ProtosRootNode@37e2cfff].bgv	igv_compact/d754a22770b067a7a047d2d7473c483c48cd1217c2c0650546c41a70d79464c9/summary.ndjson	6421	918357d90ecb9094049583fefc96dd780fe468515fa35b1e05bcbb698556b39a
graal_dumps/TruffleHotSpotCompilation-3707[ProtosRootNode@650d8542].bgv	igv_compact/d8d1d690db495d018707303451827f1e9c2fa1b451dc458b7b35ba643cfdd27c/summary.ndjson	6415	21153181c7d4c69081b46a76227818b5dd62daf805683df97552341df5a52cb0
graal_dumps/TruffleHotSpotCompilation-3708[ProtosRootNode@62b20e3c].bgv	igv_compact/af3682235cea40e2216701b9445c0dca6a71b81d60eaf8dd78156e8d9429e518/summary.ndjson	7403	3eb2e22a6b7ff695c69fea0cc293bf6dd56eb5a486723d65c65b3a3b5ab90b67
graal_dumps/TruffleHotSpotCompilation-3735[ProtosRootNode@ba1806b].bgv	igv_compact/82379ca777af5789597bfcabbeeba5c1f72a78eb5b2f6d736fdc5f54a69f89df/summary.ndjson	6118	3d29d6e4caa01f7eeb889afba95ef01893af9dff4c600b29c71e252feee87ffb
graal_dumps/TruffleHotSpotCompilation-3736[ProtosRootNode@1fe7eac2].bgv	igv_compact/cb1323170f1af259ea40156f208a799bd4ff13d68ca12e54db2e9a05baa0043c/summary.ndjson	12219	e1f8b236b9cae5d91a8fc8b8c9e646d442c5d35d15b2b4504ddec59dce5a22cc
graal_dumps/TruffleHotSpotCompilation-3738[ProtosRootNode@b640546].bgv	igv_compact/0b6f12a3950b2eecf5d6afeac8d3d289c2061ce988ad5847fb136badf456c90c/summary.ndjson	6414	450045869ad56ef0c250d2754a1cfc9e3dc9c7b02cb542920441cdc96ed5268f
graal_dumps/TruffleHotSpotCompilation-3739[ProtosRootNode@65751f22].bgv	igv_compact/d3ec868fb5f86780f4a681f5f3b87af27d0c4a7cd26d71601e5303e40f06bde3/summary.ndjson	9606	054dbe6cd607d7cecf3a7e3271d7461ccbcc757203e5d8b9fd990b4686848092
graal_dumps/TruffleHotSpotCompilation-3740[ProtosRootNode@4df83194].bgv	igv_compact/169d4b787cec4ff4ce6dc588941dda6271ed7b84cfd1b1a3a5f95cda7409fb5a/summary.ndjson	6415	ead1e0ec40fb28428331f7608ad5ea1a3f8c6778663bdf12f386a65dc08560b9
graal_dumps/TruffleHotSpotCompilation-3741[ProtosRootNode@b86e4f7].bgv	igv_compact/6942d476fa1eb4d8061be186a9f6193b13d045c5631ca1b848b796d9b39b2e2f/summary.ndjson	12738	4dbd2a883ea661aec7bc57873ab40714241d86358bfe5a0a2733ccb61676db47
graal_dumps/TruffleHotSpotCompilation-3744[ProtosRootNode@ba1806b].bgv	igv_compact/40f171d9750a9a74dd5c329af5bfc26be8db43c9b45c0508c3fae19ef19c6c09/summary.ndjson	10219	61abf7b79ee13506ce517067d3610987444eb7c331135a9a70bfc0b2a4e1558c
graal_dumps/TruffleHotSpotCompilation-3745[ProtosRootNode@1fe7eac2].bgv	igv_compact/ee925c51983ec7239b0d2e176dacfbc250adc18f0e6e0e8d9d19230ccfafea36/summary.ndjson	16409	0f5b9bb9ea878a13cd14a119f7c556fe24e0c0c6ad4cfb378cef5d7df77417ec
graal_dumps/TruffleHotSpotCompilation-3749[ProtosRootNode@b640546].bgv	igv_compact/3edf05828b19bcb891d4d93b0dedb4ed9cd26c7cf84698a30652dce4d7d28e6b/summary.ndjson	10472	d4a2fedf39d68b8a84cdffe4fc8dc279bd787532ddb056eea77e96b97b8e707a
graal_dumps/TruffleHotSpotCompilation-3751[ProtosRootNode@65751f22].bgv	igv_compact/d26d745a141443b00d3b92783194e5893afdaa5bceb4eab0797fdd17f8f841d7/summary.ndjson	13792	1a0975342712026e59f12987e6377fe9ed2a770bdc7dc8cf04b2b7b1687289bf
graal_dumps/TruffleHotSpotCompilation-3752[ProtosRootNode@4df83194].bgv	igv_compact/44bb60883c2a0a64a524d6e534fb0ce6b87515638899e8cee274c1662b385aea/summary.ndjson	10473	992e93ae3b60e455336acc5e5a0604ed5dab6d65dffc99aec9a812acfa9294e6
graal_dumps/TruffleHotSpotCompilation-3753[ProtosRootNode@b86e4f7].bgv	igv_compact/e6ea7513160e5b0b63d890eabc08a7b9397d43aa7e2641823d11b548b6964734/summary.ndjson	16928	665a77e231252ffd9e3233ac359c863e75b48dffc8e0780f8892609641fb98a3
graal_dumps/TruffleHotSpotCompilation-3754[ProtosRootNode@5c4aee81].bgv	igv_compact/a49f3ceac01bb1b8091dede23e76c414a8a21ac30779cc2fef60751252e7d3cb/summary.ndjson	6421	d592b474f52274e0a0ca5207d73f769e1f4a2789ea29f094101f52cd52e72f65
graal_dumps/TruffleHotSpotCompilation-3761[ProtosRootNode@36af986c].bgv	igv_compact/0e6b4c472e4e2f01d20900bf1d5cc1eda50bc4947c54239026973623362363bf/summary.ndjson	6415	78bdd555a5ed6ad377900e917648cacc9b64c86bc0c361c959a33662d2c3d793
graal_dumps/TruffleHotSpotCompilation-3763[ProtosRootNode@2af780e2].bgv	igv_compact/63f1cae7097eba8fdd0d6b819c0075d69ad0012d18db5ac6313cc90d4a35a091/summary.ndjson	7403	b5803b199fb5df255f36e3d9ff1db8ab18419293c714191398f2deaf546d0c3b
graal_dumps/TruffleHotSpotCompilation-3784[ProtosRootNode@2fe4378c].bgv	igv_compact/d2feadd71662d171619b13c6a3932fb2411ed1e0f1cf5afca46645f4808ad998/summary.ndjson	6119	8e7ce23bd06aaca803235a2ff9dd8877f5c3d8e31a9605f051126f7483ff9783
graal_dumps/TruffleHotSpotCompilation-3785[ProtosRootNode@5f35fa8a].bgv	igv_compact/b8c2f4de4e7d7573212d255ce2d19b7cb82179e773590ce2819f6165b3977ca5/summary.ndjson	12219	007701890adf53f76bf8960620e5b111320eec6d571d1eec6544f6cbda975e65
graal_dumps/TruffleHotSpotCompilation-3786[ProtosRootNode@5cf02197].bgv	igv_compact/3fbbb314cacc4484e62f22015dd20f607cccd54fa833bbba6e6fa84dc9b6ab4d/summary.ndjson	6415	1883d9e3bc1d0b8bf80f5eaee91b19c2900ad8ec6a42b1f9e03a7642552fa220
graal_dumps/TruffleHotSpotCompilation-3787[ProtosRootNode@51c6ab49].bgv	igv_compact/81cc6b30059178e62890297baf1c9d210b4e2cc9938f440965d632705a6fd97b/summary.ndjson	9606	aace45d05ff9d4e1a6f956311cd3b0b4b3beb4f881df75bee87df8df72bb5456
graal_dumps/TruffleHotSpotCompilation-3788[ProtosRootNode@28c6b2be].bgv	igv_compact/d7fb47fd2347c5a4d78f2bcd281057d0f6f4ef0252ea89967074af0c12de61fe/summary.ndjson	6415	e82201377a83f119ecb3e420fcfe646b0c74bdc8b01bf03b72bee605b2c5b35f
graal_dumps/TruffleHotSpotCompilation-3789[ProtosRootNode@11fa6578].bgv	igv_compact/759f8c7e63c6e1f2df03b9761073efc542db44a34cb4eddf56bb541140c417b8/summary.ndjson	12739	35bb35c377b0cc366fe77ab215e9b0f1494a549d67619861c84dc3a79ca81e1d
graal_dumps/TruffleHotSpotCompilation-3793[ProtosRootNode@2fe4378c].bgv	igv_compact/5cc9d7e9dd5393e9df20a462f4eea5f9c30fe6f95be29fe083e55ab0ea0f19da/summary.ndjson	10220	4269c64f9bdcf2eee6fbf65883e0610f544763a3dfe62e68ed6d20e1c7eaa26f
graal_dumps/TruffleHotSpotCompilation-3795[ProtosRootNode@5f35fa8a].bgv	igv_compact/f882f2df971b00d5b9ea9426dac1a8b74524369d01a4e5ce528e4af018776ea3/summary.ndjson	16409	eb5aed595271c7d7332ad11f717624a1b7cabc39441733629464b06325a973ba
graal_dumps/TruffleHotSpotCompilation-3800[ProtosRootNode@5cf02197].bgv	igv_compact/aba954287464111af6a832aca32652a85274dcdef460e39e39744ba6034a941d/summary.ndjson	10473	53aedacd6650c43fcb422b4aa4fdf2f7736cc808f2d4ed4158cd5e832ef0a77e
graal_dumps/TruffleHotSpotCompilation-3805[ProtosRootNode@51c6ab49].bgv	igv_compact/45ac7d5d7f777dc30d02953b5526cfd36256a8f469829ae452ee043ca4ea7bb3/summary.ndjson	13792	a037db3d58e6aa52ed55da4afa21e382c144a2f02296fa1ca4684397a5c07573
graal_dumps/TruffleHotSpotCompilation-3806[ProtosRootNode@28c6b2be].bgv	igv_compact/f4594aaeb549b62a3322a468f4d8b45a11072dd7c4cf681e03eb99d7e93a4053/summary.ndjson	10473	58218732311da1f7cddca800ea29a053d35b5a211b3acc2dddfdf83c4984c457
graal_dumps/TruffleHotSpotCompilation-3807[ProtosRootNode@11fa6578].bgv	igv_compact/0e23e840447517daf773b2124d377e9742c9d3ddc9bfccad80bd4ffce8475793/summary.ndjson	16929	28d650a797aaa8ee533183b37f63552b620224b4d176ce08663bdca3b0503595
graal_dumps/TruffleHotSpotCompilation-3808[ProtosRootNode@2a64876e].bgv	igv_compact/e7147d29efc09acdf7c9339fcc72222e5d6479aa2117dcd5906610e7e385f3d0/summary.ndjson	6421	77c8c7354ef8b0cc4843abd6dde33298370239a1881e70786ec057d88be1069f
graal_dumps/TruffleHotSpotCompilation-3811[ProtosRootNode@5b875bae].bgv	igv_compact/6f1bf4f2524d5ee1f5714323b2e4a2a70336aaec538d7a417afdaaf1f0e48e4a/summary.ndjson	6415	288bf2083067d3ea0acdd9c8fe4cf609bd9c0cbfa72fdb8d1d6d5dc94c4a43b3
graal_dumps/TruffleHotSpotCompilation-3813[ProtosRootNode@6210101].bgv	igv_compact/a87e0739121abd04c5f743c15444d80f4ca93c981af83b22d4e70e1c2bffc37a/summary.ndjson	7402	0ce0c041048853c0fa67b3b419649f29ace432578140376c2862bd21670db3e7
graal_dumps/TruffleHotSpotCompilation-3814[ProtosRootNode@1958ba48].bgv	igv_compact/a5de29616fdfd43cf03c027612f6a69fb9f758e9706353cc0878c4962cff311c/summary.ndjson	10220	e4d157e7f428bf09b35f4bace6da60d2d860d9f8063b1e31ab0686a4ee666637
graal_dumps/TruffleHotSpotCompilation-3815[ProtosRootNode@73e35412].bgv	igv_compact/ff1a31e065b7ea9ed83e7b5b6df50d005945dcb97bc3683bfae6f05a23ec98a5/summary.ndjson	12333	5b7e3935f2958180567e595c7cb5c353a31f30a7529dedef966395d16bb55138
graal_dumps/TruffleHotSpotCompilation-3816[ProtosRootNode@21d81126].bgv	igv_compact/f6b12aee5d00302b0cc0004508010d70cdff05c6a0c3394d8eff3d0738df932d/summary.ndjson	10473	35d8121d57b1ac43c36f23327d48307d96016002bacbf00940dcaf48fda9c2bb
graal_dumps/TruffleHotSpotCompilation-3817[ProtosRootNode@39f10e91].bgv	igv_compact/b1ed8fba3a1addd4b9d0b20cefc22ddd710e887d03acb3bb413f2480b39d34b4/summary.ndjson	14183	0e46fc22dcb73aef276d146645ef5d8cd41fc2d6345fe4cf8baae78b70b3215f
graal_dumps/TruffleHotSpotCompilation-3819[ProtosRootNode@4f9e1435].bgv	igv_compact/e24fcaa0e2dcf96e595328b043aed08ae7a3d2b9c790310e22dcf518a14db84d/summary.ndjson	10473	7af725b1a983a2b77b5cacc9f5ec911d8ec45239a543178da61843db9e7c182d
graal_dumps/TruffleHotSpotCompilation-3820[ProtosRootNode@17495b0d].bgv	igv_compact/3ed81ad7ad8cc3c22ee187ea42654762396d2e2ff7292eb59e1bf5c892f019e5/summary.ndjson	12243	936b73e333d07ec28ff91c4c0575dce98454d400166095fb982968316b242a1d
graal_dumps/TruffleHotSpotCompilation-3841[ProtosRootNode@54e6517d].bgv	igv_compact/bb9141e55027bb14663cb5f2093fd98adfcd5d91f8c4b70ec0c1014066710bd6/summary.ndjson	6119	a2236c5a1738b505bec1be6d1f8023cb0dfe9f472688a6baada197f56c299373
graal_dumps/TruffleHotSpotCompilation-3842[ProtosRootNode@7a0a0249].bgv	igv_compact/61810f7841167f5371b1a2b37ba913a22353b6294136310fe44702096e92d844/summary.ndjson	12219	5ac057a847181e93a15f03c1494a83033f88b98ea115fc40b033aafc57c1ff71
graal_dumps/TruffleHotSpotCompilation-3845[ProtosRootNode@28905dd1].bgv	igv_compact/eb2a30015d1a9fb5fe30c8148505927760ed30c191f0baee4115fc0262649b67/summary.ndjson	6415	9c4b5d48027670a4c0a0efae6662795090bf6b521304cb32b76c972cc34dec40
graal_dumps/TruffleHotSpotCompilation-3847[ProtosRootNode@2baf96ce].bgv	igv_compact/529b4d6566d37fc3eeee8e946a96e6351e04c6d9dcbae1b95be85aa9cc07511d/summary.ndjson	9606	01365f259ec6ce4d7814a06f5db40704c435deeedfa8e54f875f3a84a36b1bf0
graal_dumps/TruffleHotSpotCompilation-3848[ProtosRootNode@4b88a253].bgv	igv_compact/36a82b0e482f507a55a1a88d3f244a338e705eda10f03f99a62ee5b3209cc695/summary.ndjson	6415	d0137981984357aa52e0c15c6808086faed4241faa8786e7d7630fc650cbe86f
graal_dumps/TruffleHotSpotCompilation-3849[ProtosRootNode@264dac54].bgv	igv_compact/2d5987bbc193eb5c5391c1037a06ccc0a28625ffd065e6c86f0659d7e51c671f/summary.ndjson	12739	6c03075478680745886476c80fde26ffa1b774869ee60646fc7ef8f940dd5398
graal_dumps/TruffleHotSpotCompilation-3851[ProtosRootNode@54e6517d].bgv	igv_compact/b8f5d3172d55eb4abae01f5ef1555b031149aab7e0c16a1132839fa83ccf1b6a/summary.ndjson	10220	79f0de359c12f193c406b2cabdff60b2dcc29462afd49d3a394e959c8a3d58e4
graal_dumps/TruffleHotSpotCompilation-3852[ProtosRootNode@7a0a0249].bgv	igv_compact/8f7c160e9439810e7c0beb44bc33320a808f7b1ed74f442fe00b090a46034538/summary.ndjson	16409	05bb43632a538e3e4943a69c5e37d3989d63d00980f188df26b24e6b1d02b3cd
graal_dumps/TruffleHotSpotCompilation-3853[ProtosRootNode@28905dd1].bgv	igv_compact/6c2d1e3ab67e4c1a73a1281a1c9a9a49328cd7c36aca6ea84b9289dd859ed950/summary.ndjson	10473	8dda6ea6a483a6224748ea945296f9886e8103dccbeacab90e60aefbde1b0846
graal_dumps/TruffleHotSpotCompilation-3855[ProtosRootNode@2baf96ce].bgv	igv_compact/f96fa62d5fb28fc50ae15ca0c4bd9c1761f1de30279fcb40262432d4c013671e/summary.ndjson	13792	10dd9bb7b1854cd56e8d842c7dd067baac3c365a708271f8372030500c4181aa
graal_dumps/TruffleHotSpotCompilation-3856[ProtosRootNode@4b88a253].bgv	igv_compact/63f53ca40dc21b28e8f9bd07e40f5f66127bc57a99d83304a75e97d9458e8abd/summary.ndjson	10473	08e5413fc6cd40cd9d49cefcc41cfc1259bbbd7cd0cbc57c63de28ffbdd6020a
graal_dumps/TruffleHotSpotCompilation-3858[ProtosRootNode@264dac54].bgv	igv_compact/db3be75a6d3c88726ac947de0b0daf004d853bbdf42c493fabad080281c5e9e6/summary.ndjson	16929	4e89ec1eb8418f0ad97afb2f259a54238e4bd4bd2b5a3d18fc3cc45cb9e61b5c
graal_dumps/TruffleHotSpotCompilation-3861[ProtosRootNode@65c6d61].bgv	igv_compact/f0731126bb5e2f373042cf68aded9834d7e624927ac8e4c2f39488f0d9f474b5/summary.ndjson	6420	51ba24cafcde55a169c943d2e3b1869d08d36eae439769acf577f40b96b94652
graal_dumps/TruffleHotSpotCompilation-3865[ProtosRootNode@76434e29].bgv	igv_compact/a956fbf97c0a0688b56816da695b51542a2f7fe1ab9e9c3de63bdf261c4e182f/summary.ndjson	6415	aabe2aa2a7c282ea54810ff9e558f7bf1d5e6857243e323dafb1deda3f92ae85
graal_dumps/TruffleHotSpotCompilation-3866[ProtosRootNode@69b34436].bgv	igv_compact/c9c8fdd8ecee4699d3f9fb54a8f86c896b22ebd00bb78055d6fef4c93d6e094d/summary.ndjson	7403	9fee4e918abaf139e237150a609ff6ca85b6685c070e6d0caffb4538337a1d7e
graal_dumps/TruffleHotSpotCompilation-3888[ProtosRootNode@1066d4f5].bgv	igv_compact/3e7634436b3ce9c2f9ec5b6a75ff1bf6f0826d1bf6f3f21f1659ee4ddf6a567a/summary.ndjson	6119	a927996a5b7fa4873b8dd744917719a184f042688f9310b38de0d227c942c237
graal_dumps/TruffleHotSpotCompilation-3890[ProtosRootNode@1ba215f].bgv	igv_compact/524efca6d0c8afa5488b431e612ec2c569fd6255db5ebfdb5ae85e687cb72160/summary.ndjson	12218	d8baa2a4052efcfcc921c2fae63f7779a701efcf11cc9982446a691c6bcd44f5
graal_dumps/TruffleHotSpotCompilation-3892[ProtosRootNode@1d66d36f].bgv	igv_compact/e92a0f03efbb6ae74f0ea7f6eaa1299ed361e1a13fda1e2ac7ea4ee05489c558/summary.ndjson	6415	6a5f9c4ad8a605d5d02195459c34fa01526bca386c9dd87622f33ce4f388e137
graal_dumps/TruffleHotSpotCompilation-3893[ProtosRootNode@1e5d547e].bgv	igv_compact/d5d0581280ef2fd315bfbb102a6b9ef3870f8d58dd341c1196af030f256ded13/summary.ndjson	9606	39706d10a64dd3d330a18e4309470c3e6717655168ee56bea16266140a47ad4b
graal_dumps/TruffleHotSpotCompilation-3894[ProtosRootNode@411fb124].bgv	igv_compact/e26303eefafc9d991b28bb3f558bbf6a06b14b2e4fa5183f034314adb4ff4ac6/summary.ndjson	6415	336de88527d88ad4e1ee98fa9559409d76b13a9698f2b8e71110e3aab757da01
graal_dumps/TruffleHotSpotCompilation-3895[ProtosRootNode@33edbf61].bgv	igv_compact/c9af4e979b2d6fbd6ebd235bc8e16cbe7548fbd67a0659953c89c99d70536d9c/summary.ndjson	12739	a7f148ba41255eb4cb385e0eb1b7a54b2c1551359a76e6b95ae36ca3ac9977a5
graal_dumps/TruffleHotSpotCompilation-3898[ProtosRootNode@1066d4f5].bgv	igv_compact/4fec680f9d92868d26ec4105352326634bac92c4ac3bd90f6a3c502f42e155d1/summary.ndjson	10220	ac308c8a3004d8962115a384e9694ef87fc277aa661ec1c424c65be144a748c9
graal_dumps/TruffleHotSpotCompilation-3899[ProtosRootNode@1ba215f].bgv	igv_compact/d2c5fc46aee34827b0738f32343f3e26180dd588f3c243797c6cb7b855a98acd/summary.ndjson	16408	f93676c53c9b761ce958a078fe0599270869d00bc04f96a95d9d8c2fc74bd291
graal_dumps/TruffleHotSpotCompilation-3902[ProtosRootNode@1d66d36f].bgv	igv_compact/6b8a010a782d150d1be7d16173599f1141556cc8579aefe0def105390194f554/summary.ndjson	10473	613d14a36f14ddc3430a1f88959cf53953f6c37573e9039455bd0a37d2749e27
graal_dumps/TruffleHotSpotCompilation-3904[ProtosRootNode@1e5d547e].bgv	igv_compact/20cadcb308cad0554043d804cd6c4b9e3ab33707643132fd423f608e8b617f3a/summary.ndjson	13792	62b2f75ac3be638a78862271b2de4f117456ba84f1a92b39a35f2ba0a72e4fde
graal_dumps/TruffleHotSpotCompilation-3905[ProtosRootNode@411fb124].bgv	igv_compact/224ac64cf82c4da918fdb87941a0ac50b8ad66ee81279ead95a0eaca0807b2da/summary.ndjson	10473	2090031a557591632b3a123e70780ae49bae5509ee05e427ff4e302e1c5714b5
graal_dumps/TruffleHotSpotCompilation-3908[ProtosRootNode@33edbf61].bgv	igv_compact/f32f19efaea1270a45bbcde3d03cc9ed51dfcc88114e6a960b18077155539ed3/summary.ndjson	16929	e4e5e06d2e34e1a0b0c2f7862528a41d4bc78c2bf7d5d71cfb3ad68a7111da3e
graal_dumps/TruffleHotSpotCompilation-3912[ProtosRootNode@7e8c43ee].bgv	igv_compact/44fa7687610439f40c426783930041fc1df4f0db23a999e05803c32c96a76148/summary.ndjson	6421	ce5d365e45d27c36498d5cc87d16f2ccdd687383a2c9bfea04c9ee8f517eace0
graal_dumps/TruffleHotSpotCompilation-3915[ProtosRootNode@1aa2aa44].bgv	igv_compact/8848aa6e730293a9fd00c8a1fa617c14c0ac9b373b169fcc6daaacacd508ffef/summary.ndjson	6415	612725868539485d23eb312ba016e0a6658dfb38835d233a84852932d36e34ea
graal_dumps/TruffleHotSpotCompilation-3917[ProtosRootNode@6037e070].bgv	igv_compact/0b3dcf338fce86d756e3217d87ef74900009e7ea045ce806f6d64125dd5c555d/summary.ndjson	7403	9388a0b9d6f19bedc97ea9e8e233ed77ca05914bdaa7d81719aeed407951ed26
graal_dumps/TruffleHotSpotCompilation-3924[ProtosRootNode@5930ae93].bgv	igv_compact/8d197f1e0e7de87c566cd2c8ea8d01b498d39de4121afba0593eddd01c14a93c/summary.ndjson	6119	fb49538e1568638d80598567840a008437187e2cad626f02ef4bffe3801f6d62
graal_dumps/TruffleHotSpotCompilation-3925[ProtosRootNode@485d0b50].bgv	igv_compact/440192a9dc6ecbce470435fd1d94a6d557298ca6f1f6d9fc2c84c1c3041a2279/summary.ndjson	12219	f342f0f4a471dfc991f1dbbf4633ce27303a973ef6ef91a6cfbce5bdcd9b24e2
graal_dumps/TruffleHotSpotCompilation-3928[ProtosRootNode@130470b6].bgv	igv_compact/cac93d5af817cdba81d2269e331685bb03a3c0380a55e4fc70e08caf027cf618/summary.ndjson	6415	76fa32a876d13890d7c1f18df86396336675af27e30d16cd652ab5300421c148
graal_dumps/TruffleHotSpotCompilation-3930[ProtosRootNode@5cfc9db8].bgv	igv_compact/0741b7ef042e62bcaa31f0e936c077f63af5d743280bcf74407591af6ccae112/summary.ndjson	9606	364091a58fd3f542dc1b318be33e17b0e6f2b5b00d0e610e36fc0be8363fc4a9
graal_dumps/TruffleHotSpotCompilation-3931[ProtosRootNode@564ed011].bgv	igv_compact/594b1ce123a94172a66fef11dd3af4fb95df791dbdc772a7ddfff024201c6df0/summary.ndjson	6415	a3dc1d14812a9773b082e5a5de8c523898c05b64ca21b9e0c9ddb65e0f0cd796
graal_dumps/TruffleHotSpotCompilation-3932[ProtosRootNode@3161802c].bgv	igv_compact/df06de672216fce733726df5979feb0f19b3e61f6724429ac695a9f8a49c388c/summary.ndjson	12739	0eeb1f562d52c05f419c94d8a03f0edc79e6576be60b0a5fd0405ec20410b4e9
graal_dumps/TruffleHotSpotCompilation-3933[ProtosRootNode@5930ae93].bgv	igv_compact/6fbbc9ddb17b77884fd22f34d4d62a92fb823ec0e058ebdea1131c8202125c5d/summary.ndjson	10220	19ad84d8e329be58d88d0896d43e356d7f5a26fa6108708f96ff98d96ce76674
graal_dumps/TruffleHotSpotCompilation-3934[ProtosRootNode@485d0b50].bgv	igv_compact/1dfe9dc24a925ccc087eae6de2850c77b44cdf849623bea443b33b3e57e78155/summary.ndjson	16409	36488c81a00671f1a4801c318d7c7e019b6129439fe9cb027e95ef48f9476eae
graal_dumps/TruffleHotSpotCompilation-3935[ProtosRootNode@130470b6].bgv	igv_compact/01d1ac79c5cd175d9beefaa31e64a842f70def1070bc5bc1a653e87ced385824/summary.ndjson	10473	28d7094f95a71fb24ea40ead4f1c70eddef01c3a6cda3a710247bb4af9b7de13
graal_dumps/TruffleHotSpotCompilation-3936[ProtosRootNode@5cfc9db8].bgv	igv_compact/fab787664bfccf3df035b73966aba02ec01bb6cd00d4ebfab30d70956c81ed2a/summary.ndjson	13792	7765a5aa9f139e06433e41122e9eb4d9bb063d04d6ebe3c58c6f6a17aec33406
graal_dumps/TruffleHotSpotCompilation-3937[ProtosRootNode@564ed011].bgv	igv_compact/4467f729d59897675a45c2e004e96e1dc2a7069db08fd7e3c0dcf4361964863e/summary.ndjson	10473	7534b265c87d6527b71f070bcda3e76d54b46062f4ab5a3f7e054a62311898f0
graal_dumps/TruffleHotSpotCompilation-3938[ProtosRootNode@3161802c].bgv	igv_compact/5c0387e2da82d30f7de5bb38929396c0c5293deb2b7eedcdd289d3560d68c5e9/summary.ndjson	16929	bc3821dbbdff53c38f65846ea5be0850be2908e891eefd2b1cea7b6154fedade
graal_dumps/TruffleHotSpotCompilation-3943[ProtosRootNode@553721a0].bgv	igv_compact/1cf11b889233a1a32c030e7086a490d7ac95b82e9a856402a6e7419ef81a3c79/summary.ndjson	6421	5597bf237b623f2cecbea76fc047a1ed93d05283a087d36ee844ab794ee139a4
graal_dumps/TruffleHotSpotCompilation-3946[ProtosRootNode@75347bbf].bgv	igv_compact/bb181a751936da8de99bda05eda39e310c7d473c3dcdc5f7bda6708f33fa0213/summary.ndjson	6415	d9d4f254c18a469dcd0a16beda2b6af0e5ca8c991b6f23a118f7716d5c056b5d
graal_dumps/TruffleHotSpotCompilation-3947[ProtosRootNode@14c0055b].bgv	igv_compact/6ef64a970b221ae5cd67387eddb7b2b0617e996e8973adb89838085e409c6db6/summary.ndjson	7403	cb681fcd1a3a028ad3080c9a8deb6db7edd86fd07851d237d6c530bfa7e611ec
graal_dumps/TruffleHotSpotCompilation-3961[ProtosRootNode@4ef925f9].bgv	igv_compact/8be34f70d651c861e001e0762524c6e31929d52d2350e3b976f337102ed6fc78/summary.ndjson	6119	21c671691f26c415b7efd496d4b509fae98d8b5958d7201d398067948e70724c
graal_dumps/TruffleHotSpotCompilation-3962[ProtosRootNode@2abbb7db].bgv	igv_compact/5bc694041d100e8292832c5d9b3b32aa1db92e3580c6c08f168b0dde6d29c9ac/summary.ndjson	12219	0f1acd2b84d28ca92435d5482153091a1fe975746f3380058075e707b946cfcc
graal_dumps/TruffleHotSpotCompilation-3963[ProtosRootNode@7a6fab09].bgv	igv_compact/2679a4de57a8fb7c07298cb440571e9a833915923f2bc3ea184ad29f57e5f530/summary.ndjson	6415	f8f3d4c7f2666c2e56a40f840caac521ef49d0020283fbe877a7ffbf5e3b6b2f
graal_dumps/TruffleHotSpotCompilation-3965[ProtosRootNode@1da646a5].bgv	igv_compact/73805d540f218608a603cfc9fa8ff2c7de4ade6174d93f923e3c63587cdf6e80/summary.ndjson	9606	42a76629f96aa9bf8c3dfcf7d4c7995653a9576b60bed590e3dacae9639710fa
graal_dumps/TruffleHotSpotCompilation-3966[ProtosRootNode@1df9e874].bgv	igv_compact/06068f3cf1face16e089c47aefd949b3480f4cc8eb4e95721a1ecab8f3851b1e/summary.ndjson	6415	3178e1de989f68fc177e9dc682245b4c080ed0bd6c6cb1fa9541f4518ad2c27f
graal_dumps/TruffleHotSpotCompilation-3967[ProtosRootNode@29e7d571].bgv	igv_compact/cb44ec68c75f26751913c74d4b25f985758dbda98788edf91d78345ae3d7f1ed/summary.ndjson	12739	06bbd75e52541e195386d11620c8d631ce82a0c9592a6a0b18ae8b168daa1be3
graal_dumps/TruffleHotSpotCompilation-3968[ProtosRootNode@4ef925f9].bgv	igv_compact/cc2f9830090fefb37f20f1fc4edaf91d652d85d74ad8e1441880fef11f528b82/summary.ndjson	10220	68e813a20ede06e16670b3f6b456758405cd68a476081960d800007eddd07196
graal_dumps/TruffleHotSpotCompilation-3969[ProtosRootNode@2abbb7db].bgv	igv_compact/1190b84f054b08dcad69a85cc40b1f00cde6328c47f573eec46e35b7f23397c5/summary.ndjson	16409	49c4db8b2496ba2c4f95e7af67031806ac0cb7cd97f630a3b743cfc0dd929809
graal_dumps/TruffleHotSpotCompilation-3970[ProtosRootNode@7a6fab09].bgv	igv_compact/bc4f9a909eaa6464a0b05110d67a253d479150ec43ef838851d4350f281b44ff/summary.ndjson	10473	4abd805a721a18c399e06a3caf96154a60ae04acb0041d1e1f7371b324f7d3f3
graal_dumps/TruffleHotSpotCompilation-3971[ProtosRootNode@1da646a5].bgv	igv_compact/a2c12ea27dba5637c11a05199ceda47cbee03cdc8984e54505b84d678780d741/summary.ndjson	13792	05ab5a5ad54db0d12f9fdcf216ea19e74b41130251557eb1374793bd784cac2f
graal_dumps/TruffleHotSpotCompilation-3972[ProtosRootNode@1df9e874].bgv	igv_compact/c8c0d540046aa7c057fce455913e799fe9c260a3417eb949b6cb5ef29a1cdac3/summary.ndjson	10473	c6a42c5afc99588841a0f962659ca0881671a31b4e8a5667ddf5bc5f180b5325
graal_dumps/TruffleHotSpotCompilation-3973[ProtosRootNode@29e7d571].bgv	igv_compact/240f6bc0399bad0bc950488402d01853f3af98d5c9c4a5cb0429938565d6e2f4/summary.ndjson	16929	07566f7773e660ec9114103484112b9c1f060b306d100ce71fcf4a4e498a0ca1
graal_dumps/TruffleHotSpotCompilation-3974[ProtosRootNode@22b548cf].bgv	igv_compact/f10c5a97cce4cde9691ea789b896cd0d77acc556b96009c018df6e78fa40e7e7/summary.ndjson	6421	7b2153d271a3484a3ab22942df1395f28bad87c773fc8310a40f695e709e19a2
graal_dumps/TruffleHotSpotCompilation-3983[ProtosRootNode@1de8844e].bgv	igv_compact/f360f4bf55cb4a19fa9cf28c5a40ccfbd98584e66f66a672e287d0ee74a244ef/summary.ndjson	6415	7e9cb84778ae3c365469bf293cc632842bbdce86df0964e30fb1ea7cbdf47232
graal_dumps/TruffleHotSpotCompilation-3984[ProtosRootNode@3f860ff8].bgv	igv_compact/b9bf76b70adb3c212d3caa65d9b8ad047dd59d1dfbd770e167c0538518c80d1e/summary.ndjson	7403	08c0b534cb798da6b69b9640a307d125ede0093ce44455080d30476a9777d86e
graal_dumps/TruffleHotSpotCompilation-4002[ProtosRootNode@4813b981].bgv	igv_compact/9bc5be38a9edd4cabb6d381dac4114de0f22232a56487af6a70271a085eed7c7/summary.ndjson	6119	6be18aabd2f883f324e8f66a8b2707d5127ebf51e0f72b5205fcde470d02115b
graal_dumps/TruffleHotSpotCompilation-4009[ProtosRootNode@192def27].bgv	igv_compact/e724ece2f838cf1d0ad78b27a50507b43c51df47dac5c57423ab2cec1ca62af9/summary.ndjson	12219	2cc4583ea29f880b52f7db4b07acc5f27730a8855301ff119e66f21f86440d9b
graal_dumps/TruffleHotSpotCompilation-4014[ProtosRootNode@7534eb77].bgv	igv_compact/88dddc0c642a993cb8bbbf913ba368738cc6c59ca77780d6baf52fe236d0b1f1/summary.ndjson	6415	521d46ed12f434d843a26c7ef782670889c9a89cdf3389453bca54d969b54e98
graal_dumps/TruffleHotSpotCompilation-4015[ProtosRootNode@617900fa].bgv	igv_compact/bd2944cd3e93ce850c77f9f5bbd150940337805d1eea1ce8ad672bc871227cc5/summary.ndjson	9606	bfab925125ce0c4598c7e5527be7d2aa87e011c02d8941900b29d6f0c9e086cb
graal_dumps/TruffleHotSpotCompilation-4017[ProtosRootNode@67e3d2b5].bgv	igv_compact/7b701beec8b4b959b8e54bc0671a872eed23d46b71885e519afe65b0ec56555e/summary.ndjson	6415	11b82db33865bfc942c82afd86e582dcb40ced236ea224ed9e42d28a8fb404fc
graal_dumps/TruffleHotSpotCompilation-4018[ProtosRootNode@7475cd5d].bgv	igv_compact/4cc4e1d67b3dac3b2564146d36a83d84fdb0eb66461a8e949817f432ddb30190/summary.ndjson	12739	af0311af40f694792d713bd0362ea7f38ee341fa397a9cc8d8ded95a0d673038
graal_dumps/TruffleHotSpotCompilation-4019[ProtosRootNode@4813b981].bgv	igv_compact/bc0b6d7c0e6c48a5548f563583e57a639e5e9647697e8029c4e88c7807fd8cb9/summary.ndjson	10220	4e7bb0f7cdc8c3b9521b56469ed4dd34ee0c905064b8edf8ecbcadc744f0e940
graal_dumps/TruffleHotSpotCompilation-4020[ProtosRootNode@192def27].bgv	igv_compact/636a7af5a16e843dbcb28c2da9b8912aac494534948cb66c1c7de568309c7332/summary.ndjson	16409	a928c2b4b068197b8436371cac3b3c0d282f2ce6fa0e27b516b19243c16e3ebf
graal_dumps/TruffleHotSpotCompilation-4022[ProtosRootNode@7534eb77].bgv	igv_compact/3605b118ca76b623289835fbc8734da33607aed8591284f85c1e1296dca02fbe/summary.ndjson	10473	eaad82c8ca279b52c24fa1195eb91d28faf0c615c6877b220c306c34463f27b3
graal_dumps/TruffleHotSpotCompilation-4023[ProtosRootNode@617900fa].bgv	igv_compact/6b0ccbd6fe08aaecfc9eeb861fd83872fab67db514f16b2ea4451e472ccd1c1a/summary.ndjson	13792	a8f75198fd9e8253f27d0c140ef59a41c24aa59e2c07824bbca58b6c28ae5f7a
graal_dumps/TruffleHotSpotCompilation-4025[ProtosRootNode@67e3d2b5].bgv	igv_compact/1d5555cf907725bf362613eb52d52c2052ecf79f4ecf7d637c24fe89f25130c3/summary.ndjson	10473	608f8fa30ea73f1eb5b8ca333b7c232abeabd061689c1ea210692bffb7906698
graal_dumps/TruffleHotSpotCompilation-4026[ProtosRootNode@7475cd5d].bgv	igv_compact/44681eee838359417455980fe24ad3ca2537935680b3b2d7fd5bd56f0b304a19/summary.ndjson	16929	57d4ca783e4169ebc8178540681f94aa1b48818b9a8d86151e68af887e5b1b70
graal_dumps/TruffleHotSpotCompilation-4028[ProtosRootNode@416b4900].bgv	igv_compact/d1d338a94b5a46e90550ea62cde795d96e76732d30d2176900d34afc7ff08d95/summary.ndjson	6421	ea53066ed5cfe393131326bf057569307d20fb3d054fab77c2b44d3a3c96487a
graal_dumps/TruffleHotSpotCompilation-4040[ProtosRootNode@592a82b].bgv	igv_compact/2dd405d5b91bc31e4b968ead14aa192082b02d4c6315573393108ec0c72767d7/summary.ndjson	6414	df683b5693d4e3962b11f2eeafda4d9da60067a5cbba82813a206f32577e5609
graal_dumps/TruffleHotSpotCompilation-4048[ProtosRootNode@17d0ac33].bgv	igv_compact/28e3c2a0701e8d76d3731dd044502577b4e149ec4daa9fa2b40f568b81105cab/summary.ndjson	7403	9c83f6a33382438deb8de4bc60f4b8e142eb02b46accf9039ad10218b17c8765
graal_dumps/TruffleHotSpotCompilation-4058[ProtosRootNode@25f0a2ef].bgv	igv_compact/6a1ea956fa64244aa22e4a66a00ee9770bb1a1d3f9878a13b77ef8200654c168/summary.ndjson	6119	8c36b99eead71f5fe886f2f0d0b03b8a405b9a4225bcb0cf3f2eb933b98cded3
graal_dumps/TruffleHotSpotCompilation-4059[ProtosRootNode@434e1cd6].bgv	igv_compact/5e3859f7570d01906ed9edbfe1c00cb45eeb8aa517fe2425fa52e9871db20c8a/summary.ndjson	12219	0611f41a352ef1d1b4be4a523a9cb0fa9cad763687c7597a2e0be5f819c05f75
graal_dumps/TruffleHotSpotCompilation-4060[ProtosRootNode@5ed5bcc1].bgv	igv_compact/afcc06e664c3693ede3193b30f82a3f6fdcdb3c5f42b46242181c5e566a12ecc/summary.ndjson	6415	daf2191be756aadef3db66251c966e7b122792f2c2f446b6472dbceadb8f6ae6
graal_dumps/TruffleHotSpotCompilation-4062[ProtosRootNode@654e47cb].bgv	igv_compact/0bd612400a39a2a967d0d213c80e3b45347df6e13959182ab1f9f82254ff1d2c/summary.ndjson	9606	061fedd6fd6df0497e518e6fda25f1343104cdeaa6c3b9c25697bc8fda376818
graal_dumps/TruffleHotSpotCompilation-4063[ProtosRootNode@51ea9167].bgv	igv_compact/9489ed681ab7a78cd3a4cb1be1dfefa13ab4716ef9ac9455b4955ab75b2e2c38/summary.ndjson	6415	faa8790651108ea5bda0c827f78c0cce64745ddcacb58431b78a8fd7b9f822c1
graal_dumps/TruffleHotSpotCompilation-4064[ProtosRootNode@5f9eab0b].bgv	igv_compact/3354673251ea80f8e170aa9d28efb4cb8a938ff6e361707512e259d0629cb531/summary.ndjson	12739	fad5353c983511db0c6e2a4c1d2c9c215c4d3d99826f8b2245f82ef402cf16ca
graal_dumps/TruffleHotSpotCompilation-4068[ProtosRootNode@25f0a2ef].bgv	igv_compact/ac980509266ec3b9ac3c314217034c7b071b880cfcda4d7aaa536deeb2d4f664/summary.ndjson	10220	680fa8585565bf8dd6fa1931a0e22b3eefa1ac7a1f7e3278e77e85afeab4ca10
graal_dumps/TruffleHotSpotCompilation-4071[ProtosRootNode@434e1cd6].bgv	igv_compact/52da497c7d10903fb431ab2f02e21c6e62ab2bd56d5e24d5355e112314dedc0f/summary.ndjson	16409	841157b3a54d4acba024838f198c33c5b8ef1acc206efbc73041a5f506bb668e
graal_dumps/TruffleHotSpotCompilation-4075[ProtosRootNode@5ed5bcc1].bgv	igv_compact/f3e81de4b6da61361ecb8f376ab3622b78722aba7ae6d087e57636390011cad5/summary.ndjson	10473	863f07f696a72c20aac78025b33894fce132743548c0cedd8af810df85280700
graal_dumps/TruffleHotSpotCompilation-4076[ProtosRootNode@654e47cb].bgv	igv_compact/e1b604484278c0578f86f94a53d2971287f8bc5d0e9c89d14876f03727af62a3/summary.ndjson	13792	98032fcc849c4a0447be44a8b71937b7789e54fce7e671b7b727cad3d60228e1
graal_dumps/TruffleHotSpotCompilation-4077[ProtosRootNode@51ea9167].bgv	igv_compact/d6200745a05baa9572bc0d9cc557ce4d08f1f2d20e1aa251c0f4fd9183175336/summary.ndjson	10473	bf07dc026c5d1d25fcc971de2a7832999b23c7bd9821c62c2165c62c09866caa
graal_dumps/TruffleHotSpotCompilation-4078[ProtosRootNode@5f9eab0b].bgv	igv_compact/c467c6c20a3605ad5d42482a5be67c130bb9fcbdeebec4a9727cb106f426a846/summary.ndjson	16929	cb0114f514d495bc609b1f47877e634be725986252741b38848458c91fbfdf22
graal_dumps/TruffleHotSpotCompilation-4079[ProtosRootNode@44338cf8].bgv	igv_compact/4ec86d30a71b50271c333e6dd938839be08adf70b6594cf4c1ad79ca7a6e4de9/summary.ndjson	6421	6a3ad1ede88738d78289a5706e2dffa85036c079aa3cff2f457e4057ec2a5fd6
graal_dumps/TruffleHotSpotCompilation-4083[ProtosRootNode@6c9e882].bgv	igv_compact/f84b41c3217c8d768c06300d6f234e14526aaceb5d70d630c71189b834310d9d/summary.ndjson	6414	7e133b1c1508839bbe189ae234200fa2fa85e2201020a48a8559b985fa5fba7d
graal_dumps/TruffleHotSpotCompilation-4085[ProtosRootNode@ab76661].bgv	igv_compact/19fa4a308bd16e5b33cde88df68d6e1aa4c2e7a40021a2feffcff773d95de60e/summary.ndjson	7402	4b0db418c6bb27d0d1ca576f84cd743d9472e46a90c3a7f1ec02140b3ea26fee
graal_dumps/TruffleHotSpotCompilation-4108[ProtosRootNode@266a69a4].bgv	igv_compact/b5b77e68190622fcda8a7a7fc7dd60ef26697159bdc89cdafe0e7dbec1edd1cb/summary.ndjson	6119	a30efb6b14d98abc81fd46bec9691ce01138fd70eea72180385e295b02076cd7
graal_dumps/TruffleHotSpotCompilation-4110[ProtosRootNode@6c0be158].bgv	igv_compact/59c8d1226d37512841c2949891aedbfcb6428a2df8b6154035f48be6bc3200d3/summary.ndjson	12219	b38849093fa20e77954e053963c2e5b4805d3932f851e6d1448d554dc1e67b2f
graal_dumps/TruffleHotSpotCompilation-4111[ProtosRootNode@7b23e60d].bgv	igv_compact/ac37048822ae061604a48d8304480484815200766455098b5ab5cb8523f2c171/summary.ndjson	6415	ddb2b3e3746c8e3e0c008a7df86fcf4a2d8668632f9fc23bc9240c189f4cf86f
graal_dumps/TruffleHotSpotCompilation-4112[ProtosRootNode@587cdc0b].bgv	igv_compact/b625ff70bedaa6d1cc77f1cd74c8822fbdf443a6b5e7cf0ec0037a3e0486b774/summary.ndjson	9606	3421b2fb08c3556cc7105a69d1d8e6f5d7b02cdb3b6380bf7f09be173330939d
graal_dumps/TruffleHotSpotCompilation-4113[ProtosRootNode@242ae485].bgv	igv_compact/7c1b5314bb6dbee4fb5f39166b8eaf09d1415e8ee7ec26a22d3a9398a5934c96/summary.ndjson	6415	d2b3f552659a5e3b5dcb6487970edf05671aeb97e6f2ef111b8c5b60cfade377
graal_dumps/TruffleHotSpotCompilation-4114[ProtosRootNode@795557ea].bgv	igv_compact/5ac3d4e003570f202068e867296387fbc1486563a21a95876e6b70636aed614a/summary.ndjson	12739	c88003221cd7747d9e8798035439e2d48976091f49e395a353952e1eccfb5ad2
graal_dumps/TruffleHotSpotCompilation-4115[ProtosRootNode@266a69a4].bgv	igv_compact/c189284d4afc74157a1594826f3a34c8356b537b41b8a2677ab038de98251e10/summary.ndjson	10220	a2e4bb05c4fc1023f53a648556788df78e7b2b858ede370bb8035eb8de3b00fd
graal_dumps/TruffleHotSpotCompilation-4116[ProtosRootNode@6c0be158].bgv	igv_compact/87e4167ebaa1ee80bebd517d39330f7c43db6b0a9911f2a8aef71309421ca69a/summary.ndjson	16409	da82fe2dac201fff3ed1f58ba0b8df3b1189c5f96ac7007764880f1b044b5724
graal_dumps/TruffleHotSpotCompilation-4117[ProtosRootNode@7b23e60d].bgv	igv_compact/94d5c0e5b8589c4ef58377f8f81d722eabee695ec339b8ed8fe8911ac52a24d1/summary.ndjson	10473	5384aba999092123009a8020fa982b3bf047deb378f7a8a8408a5cdf64950096
graal_dumps/TruffleHotSpotCompilation-4118[ProtosRootNode@587cdc0b].bgv	igv_compact/4a69047bc41e615bf1096930aa166e34d6bb8bb0c0f23464db762d66c8f1c158/summary.ndjson	13792	cb48365d7a38f98a38e7750068e86caa685b594772c8fe100725fe70cd883ab4
graal_dumps/TruffleHotSpotCompilation-4120[ProtosRootNode@242ae485].bgv	igv_compact/2c4d6591d36d304eca2c12252bf4b4df11c7f1b26dd814c1928a22cb98172f21/summary.ndjson	10473	8393cbab4c9c7f36a53cd4302b30f66b351a9697abcd037d36008fe0998bc457
graal_dumps/TruffleHotSpotCompilation-4121[ProtosRootNode@795557ea].bgv	igv_compact/10ba8cda0f70d5050261a49c0b906616279f9441014f8f85dceb85231fbce996/summary.ndjson	16929	92393ef75f46f246d898985c1a4a3147243dcb625b671044d42142c3db7083ac
graal_dumps/TruffleHotSpotCompilation-4124[ProtosRootNode@4f3b72fa].bgv	igv_compact/710a6f853ca77faae09bfc16f76056aaf89a27bc5e7826114928401b22ba810e/summary.ndjson	6421	2a182de16e6d29601c949c9c1201c06e22e4106816a5b64995f7ff13bfbd63a9
graal_dumps/TruffleHotSpotCompilation-4127[ProtosRootNode@1bd48a4d].bgv	igv_compact/c4dd0b67d897cf0776aa0f8447d5241c124fda968f20ef844dff047ac6b1b45a/summary.ndjson	6415	dc6bd34f22387770f6dd285b7ead86145275c4cc8c3b4fe92367a7c4fdd00a50
graal_dumps/TruffleHotSpotCompilation-4128[ProtosRootNode@2ef7a400].bgv	igv_compact/6f0e89093d2b40fcf8bbf9c8810288fa0f5b5d28dd87adbe05fe9d2a4f69fef0/summary.ndjson	7403	352355d50d7d4b44038aba6b3b669e65cb9c0236ffafae610ad0f807db7803f4
graal_dumps/TruffleHotSpotCompilation-4135[ProtosRootNode@42a044d5].bgv	igv_compact/223a2e198fdf4e1184945f8b184fba953d5f02eef171f2cad1001c084ebf6db0/summary.ndjson	6119	1d51f0a0f9e0df90509455804386eb109027cdfa76853632969afa347da7bb30
graal_dumps/TruffleHotSpotCompilation-4138[ProtosRootNode@3aded36b].bgv	igv_compact/a1fcc6be7c19710759c28f2c950d0a25b537788e294cb2cd55f896a18b5a144c/summary.ndjson	12219	73ef4a8d541131cf2e996eeb0cb1db681b08dc4c7f7542c6ac569f1fe8bd4137
graal_dumps/TruffleHotSpotCompilation-4139[ProtosRootNode@a41ee30].bgv	igv_compact/17ad170dbea3a2ec7c7a7b1f5a415121333a705a9944b054d627f28786d6d11b/summary.ndjson	6414	6fa207d743aa1d5793bcac10e7f82d2fe343b5bc2dfccce001f2206ea7fb821d
graal_dumps/TruffleHotSpotCompilation-4140[ProtosRootNode@2d15fd55].bgv	igv_compact/6a19b89f95694cdd69a9176b9bcba93f12cead1e829b2d4d3eec63f16885c13c/summary.ndjson	9606	9cda3251df1704a882559829d5336c69546a23076cf4e51b3bc2d1c852b5a975
graal_dumps/TruffleHotSpotCompilation-4141[ProtosRootNode@34b2fe2e].bgv	igv_compact/2f58d5a4b502cac643deb496563ffea9b40abecd7c936c21287c11d9c95c7148/summary.ndjson	6415	746063a6296dc97cf70f4f76e4116dfa51de6af80a2b39b0d32f40d05ce015d0
graal_dumps/TruffleHotSpotCompilation-4146[ProtosRootNode@1d763cf0].bgv	igv_compact/1f7d102881aae70d5c56e98315b41976d0c977d12e0f5c027431c05667e83f01/summary.ndjson	12739	1a515e81770b1cfe2e9a041506d60a27040c7b68936392494566252dd7554963
graal_dumps/TruffleHotSpotCompilation-4147[ProtosRootNode@42a044d5].bgv	igv_compact/2ac7cacdcc7a38f8bb42923d58f60586a52026ba2c8c8fe407c4ff18067997bf/summary.ndjson	10220	b13420bb2a8b26405770f27377e52cb68ad51affde4de96cda47a5c4d8bc8e85
graal_dumps/TruffleHotSpotCompilation-4148[ProtosRootNode@3aded36b].bgv	igv_compact/da62728d5d4b0c1fc8cd0e1073211b75d81dfc68cd9431599445d84a509cc6df/summary.ndjson	16409	75e0fb50e18848063188e15f1854c47d7342981c24787834a157d1249a656d48
graal_dumps/TruffleHotSpotCompilation-4149[ProtosRootNode@a41ee30].bgv	igv_compact/caa50cf671c3788a3711f55c5e2e4450a8ee05563039e3049617346b38258808/summary.ndjson	10472	cb5dc5825e622dc17699c4c2ee0cfd65e84310e847220f7abe7d22a95b8943d0
graal_dumps/TruffleHotSpotCompilation-4150[ProtosRootNode@2d15fd55].bgv	igv_compact/720b9dd5a56e8fb81f21427b03296d4eb9046e564c1addd1fc74b888af64bb21/summary.ndjson	13792	8807a8f0e7d88b5413591c42e77e1fc1e8caf21db3704b39153874fb3fc17464
graal_dumps/TruffleHotSpotCompilation-4151[ProtosRootNode@34b2fe2e].bgv	igv_compact/8c32fc295cf76794eb4a0010e0c13e0ca2162279881a46a324f5b631f6b4c556/summary.ndjson	10473	857793759847791c432c3ae60b5dafbc148de0d18e7cff7cad054905c250f084
graal_dumps/TruffleHotSpotCompilation-4152[ProtosRootNode@1d763cf0].bgv	igv_compact/cdb9afe47156d82454d5897ca8d8e33434f553cfbde150a8567171f805d1768f/summary.ndjson	16929	6d6cefbdc2160a774be99d72cbf5d39a6a51ca059286005310b8a68f57aeecc7
graal_dumps/TruffleHotSpotCompilation-4154[ProtosRootNode@768234c3].bgv	igv_compact/d568f29aaf576cb35ca84c21862a6c8ed7be3f423cf3b79bed9f88226ef5f459/summary.ndjson	6421	b2f64639f38cf03426eee24b43d17bce66044b5f2c0695da2dd8e847cf3e6795
graal_dumps/TruffleHotSpotCompilation-4159[ProtosRootNode@6723007c].bgv	igv_compact/114b36abf7ae6fd267d14546dd3d1bcc4e51f215b122e51266428507e5c410f5/summary.ndjson	6415	86f2e4c1770c909282b2f3e5a5e2481c74f4dd137c87f0c48d4d98b72c36b832
graal_dumps/TruffleHotSpotCompilation-4163[ProtosRootNode@4d5163b8].bgv	igv_compact/55412ec013816d443a11aff2a2a05cdb7e816e71124019891f2a11fe6f1a361d/summary.ndjson	7403	22f6f5b0f0ba8d363e990db80f35ba6082e53bb9482a26576043a3b92d2f170c
graal_dumps/TruffleHotSpotCompilation-4175[ProtosRootNode@45a84853].bgv	igv_compact/9647ba37b666b728010bacd30d6af0d7aba03c22f7bbd2a78e6e349d8907719d/summary.ndjson	6119	698c23566d658a43de409136b510b491d58de46ba85d660bd60b0eb57f59ea35
graal_dumps/TruffleHotSpotCompilation-4176[ProtosRootNode@67ccc687].bgv	igv_compact/8386baf03199bce36b42cf7770f33d7ce05f0c2292955562d6617be00118467c/summary.ndjson	12219	ca2402b3a6e2b2e280838417a40f9b5bd8577b4411802ea292f24f5f68a8c469
graal_dumps/TruffleHotSpotCompilation-4177[ProtosRootNode@51fe6ed3].bgv	igv_compact/2d3ab6e26b1c223f882358f8d9e4ebf4b9246796e32bc385f0002ca95f7f94b1/summary.ndjson	6415	edb5a5be1057f43d0838643e39f26a9274757f2193b7a88165e1ba8ca8f39ef0
graal_dumps/TruffleHotSpotCompilation-4180[ProtosRootNode@73247f1e].bgv	igv_compact/9eb748065a8c59174625c6a6053a81680df9e3bb96402b3c7714a844606c57b7/summary.ndjson	9606	3f0d47ae15351afe85276e8ce2d63b4337b5c907b493a415b9696650965d2eb0
graal_dumps/TruffleHotSpotCompilation-4181[ProtosRootNode@51f0f8d3].bgv	igv_compact/a9b1c702b9bcd549969f03e1d90cdaee55315a3fb9369dd1ccf6055020f42435/summary.ndjson	6415	c983a96805227ecd5b91430d1fa9cd0c9968f5adcf3f72ca8ab0aa16c2950165
graal_dumps/TruffleHotSpotCompilation-4182[ProtosRootNode@401c7293].bgv	igv_compact/39cb950de6494f4d307d97755dbe99576802a51d0685b779701c9e1b817efccc/summary.ndjson	12739	c4c75159f7b9cf7ad408fccf28f501febd875616780cddf1de9d93a185aeb04a
graal_dumps/TruffleHotSpotCompilation-4184[ProtosRootNode@45a84853].bgv	igv_compact/d6f6c13d4a7872dea7bd27f20b5a4c64815772c3a59cc53ae8a1d510ee735a0f/summary.ndjson	10220	853aebd9cd2825a139e07a1283e781a4dcccbf67c622eb1c80e0807aee9230c3
graal_dumps/TruffleHotSpotCompilation-4185[ProtosRootNode@67ccc687].bgv	igv_compact/09a7b14eaf6b2b3d99edaee1d013c518dff64b9cb86162048740c154cf791389/summary.ndjson	16409	8b9bc300b5de01997ee6006b574f148302cf91ba3b628c97ed06352dc871c4cf
graal_dumps/TruffleHotSpotCompilation-4186[ProtosRootNode@51fe6ed3].bgv	igv_compact/c4ff62a064f962efacc871ed6cd53c524683d212ee15bccbc6e95d5596925798/summary.ndjson	10473	a4631ecd859f401c4efe1328661fceb14d05a14d80c620ad5b74698f0a312ec6
graal_dumps/TruffleHotSpotCompilation-4187[ProtosRootNode@73247f1e].bgv	igv_compact/9dee0ba8e0c1c0bf29469ea37b74531dc822ad490452b5e2a748ef444e0e7396/summary.ndjson	13792	36c9cddef6559203e2ffe9e6e7bf13730d5dbe771b53a7993c7626d8053d2419
graal_dumps/TruffleHotSpotCompilation-4188[ProtosRootNode@51f0f8d3].bgv	igv_compact/2936879004d82e5e5fe1e992d82e1fa302f70baa3e887ef65c15160031b82247/summary.ndjson	10473	1c78d022238ea5bfcee8f0dc97b0d1771463a5313ce31d104d9346aae85a891b
graal_dumps/TruffleHotSpotCompilation-4189[ProtosRootNode@401c7293].bgv	igv_compact/2526b409d7b34b2ff4f5b603b288baf84177a55b689321b84f0aa2c45e3ee147/summary.ndjson	16929	aea3ff8ea5a4fb23d7e149581ff6471d84447fec166f8660e9c721df3d80dd37
graal_dumps/TruffleHotSpotCompilation-4190[ProtosRootNode@46d95c77].bgv	igv_compact/e6aba63344de6803f2c5e0af34f214d128a11c0e9fde851944a726975b5a1b4c/summary.ndjson	6421	0ff159eafb7c4d789647de748e0428c873e03fbb308e422d2776611d8efa5477
graal_dumps/TruffleHotSpotCompilation-4194[ProtosRootNode@2618ea36].bgv	igv_compact/49976808330dd29c193b3431701c9df14b11fea2c200ebabe6263c0e6f0961cd/summary.ndjson	6415	31c7cb9af04433c1c37ba0f1a335af848cf146a30a597c168526ac709b9080f7
graal_dumps/TruffleHotSpotCompilation-4195[ProtosRootNode@235c6ac1].bgv	igv_compact/48927d72f4141e100d7ba86660f31ee38ca1444828b85e1fa82a3efc6e8b4de6/summary.ndjson	7403	eb840b23f6c994d9cfcb2f6aab846de4d1bfa51d8aa26a46f73394899b0156ae
graal_dumps/TruffleHotSpotCompilation-4202[ProtosRootNode@6c018446].bgv	igv_compact/6ea6f2ad3cae740182a26a60a29dc4ee62caa732bc42ae097152b0644f63288f/summary.ndjson	6119	f6ed3d7e01ca4b828e3c4996bf99a4157aad49f712a709a946a9a03bb5a225af
graal_dumps/TruffleHotSpotCompilation-4203[ProtosRootNode@1c9c6de].bgv	igv_compact/a1da68c52fd646d568aff3b10f6379a1b6d009110ba7de0e8e2dc3720b3c3754/summary.ndjson	12218	1487e7aef9502b47f6cfe2febf656033898a0552e081b034839a5dcf37e96c87
graal_dumps/TruffleHotSpotCompilation-4204[ProtosRootNode@1a220f27].bgv	igv_compact/467b42fd44e52eef5f957c0098cb6494434075fcc7c5fdcc503eed55124fb1c5/summary.ndjson	6415	4b58c810fd66cda9ca419c77ab6c4df2c53efd2d030fbbb67992cd1e4d676470
graal_dumps/TruffleHotSpotCompilation-4205[ProtosRootNode@7e2682d7].bgv	igv_compact/58da66002df9bce902f2af28c238f58a5f752b3e3e016417df54c6d0dcd89af8/summary.ndjson	9606	7c9c78a409a4147709582fd919c823334a512cf5403b3b7cc04d48ba9aafeb25
graal_dumps/TruffleHotSpotCompilation-4206[ProtosRootNode@ee3cea0].bgv	igv_compact/7d041033e69aef302103dbb0a30dd57c899aafc6fc9cf48dbd33e349364087ba/summary.ndjson	6414	60c06a03ce7138d12929f121c148f976997d8fa6438f10d3a5e784b0b71b70d5
graal_dumps/TruffleHotSpotCompilation-4207[ProtosRootNode@b90d5cd].bgv	igv_compact/c05ba291c7e36ddc2f4a8df97006ad151137c0da6ec074ab91c89bb86340e488/summary.ndjson	12738	240662bb28a06832a1558ee433c176048090889e1fa633e9b4bf773d52ed3296
graal_dumps/TruffleHotSpotCompilation-4209[ProtosRootNode@6c018446].bgv	igv_compact/48368665318a5bad57946f944a0892169ad5d5739bceb658b9c91f6bd62408ee/summary.ndjson	10220	00b6d5c4dda5fe9a139e11a9a4b24708a259151fb984f4f96ed6f38734fe858a
graal_dumps/TruffleHotSpotCompilation-4210[ProtosRootNode@1c9c6de].bgv	igv_compact/9124eef113f1c16f7f47e27b165a090a18de499b79c3903aa0ea255f05989ef6/summary.ndjson	16408	53fa6f24d46ad52b4f93fdc0c02832084e9c49edc17d5ed4b8659011c87c4957
graal_dumps/TruffleHotSpotCompilation-4211[ProtosRootNode@1a220f27].bgv	igv_compact/bcea9a26f6b65d6ff0edb194cc14861c0256c8c30c897aa4b1b29f54c860f156/summary.ndjson	10473	8f42f4daf6c3b7e2798d92170b2c5db1a2b1a662203ae9a4036c6538452f1fd4
graal_dumps/TruffleHotSpotCompilation-4212[ProtosRootNode@7e2682d7].bgv	igv_compact/9db1a48d304d8ed50dacced07a544c01ce864e352b61a6e4d0ea861784c8ba78/summary.ndjson	13792	ca672bdcaa30f94e7150142d6d30d4cc6623547a6b0e9f09e05a3a5182f46a8f
graal_dumps/TruffleHotSpotCompilation-4213[ProtosRootNode@ee3cea0].bgv	igv_compact/01b64054c065fb8470fa9379080f86739b8085ecbe4584bf428f2aa37852c127/summary.ndjson	10472	1acf00fafd61d4c5cdce6590e9963454a0f57aef06b921c19d7188e1e603d055
graal_dumps/TruffleHotSpotCompilation-4214[ProtosRootNode@b90d5cd].bgv	igv_compact/e420831e86543d4815f482b3d7f23a991c6ea05467c4b14416772ae87a742374/summary.ndjson	16928	b8fcd5eaaba70d93f14715cc7254eb9a306687fdac76b5cb6a8e27541de414c2
graal_dumps/TruffleHotSpotCompilation-4216[ProtosRootNode@607a5fbc].bgv	igv_compact/3cfd2443de52d906651ec7ec2fca898ff5e8b24296e752a924f2f0967fe4647a/summary.ndjson	6421	cee3ee85b1bc6969c1bbdd4c13da7c5ed7dd4286dd4b619526401a02f485ec21
graal_dumps/TruffleHotSpotCompilation-4220[ProtosRootNode@2de8d376].bgv	igv_compact/aeedbfc9aa72f9083d409c673d0be37e89aa61ded7b9e4fbd0180501b318574e/summary.ndjson	6415	dc797613a288a22de9ae13763e063d072a5a8da00d4eaaa907b1e823ce241824
graal_dumps/TruffleHotSpotCompilation-4221[ProtosRootNode@38d6c4d2].bgv	igv_compact/4bdc2ef0e7bf7a343cc68b4c86bdd63e0287cb40baf660871282861d811d2b22/summary.ndjson	7403	a2be1d55b2b5f026186287d8d6522678672c19bf450b94548996cce53e169cb6
