revision_label	protos_revision	implementation_version	mode	workload	startup_median_ns	startup_mad_ns	warmup_first5_median_ns	warmup_last5_median_ns	steady_median_ns	steady_mad_ns	steady_p95_ns
pre-perf002	8f363d0146164f99e72210eb44667f4efb7b88e7	0.2.161-SNAPSHOT	interpreter	micro/slot-read	1496951772.5	36891406.0	149396017	34460272	40373591.5	7791565.5	59177189
pre-perf002	8f363d0146164f99e72210eb44667f4efb7b88e7	0.2.161-SNAPSHOT	truffle	micro/slot-read	2404739120.5	77240370.5	88798329	36942415	32789252.0	4030978.0	40412567
post-perf002	3c93912a5579326374782a43527fbb51046f8f91	0.2.162-SNAPSHOT	interpreter	micro/slot-read	1492579433.5	18171489.0	124154312	32285121	35884723.5	3852367.0	72131217
post-perf002	3c93912a5579326374782a43527fbb51046f8f91	0.2.162-SNAPSHOT	truffle	micro/slot-read	3835350945.5	50863741.5	85888310	39874107	40128963.0	2396467.0	75547622
pre-perf002	8f363d0146164f99e72210eb44667f4efb7b88e7	0.2.161-SNAPSHOT	interpreter	micro/slot-write	1583040003.5	50601357.0	127815870	36845756	43901976.0	9097266.5	76686354
pre-perf002	8f363d0146164f99e72210eb44667f4efb7b88e7	0.2.161-SNAPSHOT	truffle	micro/slot-write	2470388977.0	133049802.5	123671759	44926963	45275378.0	7297495.0	80119638
post-perf002	3c93912a5579326374782a43527fbb51046f8f91	0.2.162-SNAPSHOT	interpreter	micro/slot-write	1573387443.0	36611243.0	106989427	30844932	37802422.0	6577000.0	73045303
post-perf002	3c93912a5579326374782a43527fbb51046f8f91	0.2.162-SNAPSHOT	truffle	micro/slot-write	4341831277.0	80346087.0	112508593	44363333	39804769.5	2707741.5	81821051
pre-perf002	8f363d0146164f99e72210eb44667f4efb7b88e7	0.2.161-SNAPSHOT	interpreter	micro/closure-call	1644024949.5	47962196.5	173671200	38146628	48174091.0	10840228.0	82177461
pre-perf002	8f363d0146164f99e72210eb44667f4efb7b88e7	0.2.161-SNAPSHOT	truffle	micro/closure-call	2799629833.5	265459326.0	120218572	36302408	35412167.0	4950263.5	66069080
post-perf002	3c93912a5579326374782a43527fbb51046f8f91	0.2.162-SNAPSHOT	interpreter	micro/closure-call	1623152812.5	31831428.5	163603233	41786651	80955281.5	33439110.0	140199826
post-perf002	3c93912a5579326374782a43527fbb51046f8f91	0.2.162-SNAPSHOT	truffle	micro/closure-call	4170534620.5	90692658.0	98181736	69291644	39939345.5	2831493.0	79108532
pre-perf002	8f363d0146164f99e72210eb44667f4efb7b88e7	0.2.161-SNAPSHOT	interpreter	micro/method-call	1587328160.0	26273920.5	165881449	48754628	41683547.5	4890148.5	80344293
pre-perf002	8f363d0146164f99e72210eb44667f4efb7b88e7	0.2.161-SNAPSHOT	truffle	micro/method-call	2598314473.0	65030323.0	154287372	30993534	33850516.5	3848208.0	67898543
post-perf002	3c93912a5579326374782a43527fbb51046f8f91	0.2.162-SNAPSHOT	interpreter	micro/method-call	1550185011.5	24999252.5	100467188	34911018	38884890.0	4521233.0	73837728
post-perf002	3c93912a5579326374782a43527fbb51046f8f91	0.2.162-SNAPSHOT	truffle	micro/method-call	4113753787.5	30307637.5	94333806	37852570	39594726.5	1742831.5	73917659
pre-perf002	8f363d0146164f99e72210eb44667f4efb7b88e7	0.2.161-SNAPSHOT	interpreter	micro/object-creation	1543598357.0	14127625.0	179649254	60879279	39512541.5	3554448.0	70288817
pre-perf002	8f363d0146164f99e72210eb44667f4efb7b88e7	0.2.161-SNAPSHOT	truffle	micro/object-creation	2445054164.0	57859484.0	149555341	37299121	36300274.5	2750772.5	77604063
post-perf002	3c93912a5579326374782a43527fbb51046f8f91	0.2.162-SNAPSHOT	interpreter	micro/object-creation	1528522874.0	24305328.0	108297447	31497185	36053504.0	5600749.0	77382462
post-perf002	3c93912a5579326374782a43527fbb51046f8f91	0.2.162-SNAPSHOT	truffle	micro/object-creation	3845422343.5	68434169.0	126855233	33010597	32488986.5	1644571.0	73569100
pre-perf002	8f363d0146164f99e72210eb44667f4efb7b88e7	0.2.161-SNAPSHOT	interpreter	micro/delegation-shallow	1484292111.5	20874807.5	163841555	29085594	35461949.0	7402676.0	56390926
pre-perf002	8f363d0146164f99e72210eb44667f4efb7b88e7	0.2.161-SNAPSHOT	truffle	micro/delegation-shallow	2247959533.0	97036719.5	154193277	31535216	54765230.5	21295238.0	74657132
post-perf002	3c93912a5579326374782a43527fbb51046f8f91	0.2.162-SNAPSHOT	interpreter	micro/delegation-shallow	1495233609.5	25503920.0	115459255	25530881	27316577.5	2371222.5	63330922
post-perf002	3c93912a5579326374782a43527fbb51046f8f91	0.2.162-SNAPSHOT	truffle	micro/delegation-shallow	3901608855.0	59719538.0	87405742	31949167	33048407.0	2228307.0	72443091
pre-perf002	8f363d0146164f99e72210eb44667f4efb7b88e7	0.2.161-SNAPSHOT	interpreter	micro/delegation-deep	1470126985.5	8259756.5	256112953	35026819	39678448.5	5884495.5	76664814
pre-perf002	8f363d0146164f99e72210eb44667f4efb7b88e7	0.2.161-SNAPSHOT	truffle	micro/delegation-deep	2382864727.5	14612780.5	153617779	30770726	40639219.0	10500784.0	59784090
post-perf002	3c93912a5579326374782a43527fbb51046f8f91	0.2.162-SNAPSHOT	interpreter	micro/delegation-deep	1491349232.0	11772949.5	117247518	31650167	33873358.5	2474322.5	70478449
post-perf002	3c93912a5579326374782a43527fbb51046f8f91	0.2.162-SNAPSHOT	truffle	micro/delegation-deep	3881567960.0	52992034.5	125687259	45024424	41574901.5	2648031.5	84604816
pre-perf002	8f363d0146164f99e72210eb44667f4efb7b88e7	0.2.161-SNAPSHOT	interpreter	runtime/monomorphic-dispatch	1634667628.0	32882085.5	161069685	31077101	36690834.0	6148355.5	71600467
pre-perf002	8f363d0146164f99e72210eb44667f4efb7b88e7	0.2.161-SNAPSHOT	truffle	runtime/monomorphic-dispatch	2459452827.5	55085932.0	152952437	33128007	32900012.5	4232716.0	69889367
post-perf002	3c93912a5579326374782a43527fbb51046f8f91	0.2.162-SNAPSHOT	interpreter	runtime/monomorphic-dispatch	1547488665.5	14935368.0	105641723	30110581	32058433.0	2916152.0	65480058
post-perf002	3c93912a5579326374782a43527fbb51046f8f91	0.2.162-SNAPSHOT	truffle	runtime/monomorphic-dispatch	4126190266.0	81675060.0	118668665	38290350	40781320.5	4337218.0	76761350
pre-perf002	8f363d0146164f99e72210eb44667f4efb7b88e7	0.2.161-SNAPSHOT	interpreter	runtime/polymorphic-dispatch	1517083861.5	31471557.0	151243141	36324093	34483786.0	2770640.5	79460032
pre-perf002	8f363d0146164f99e72210eb44667f4efb7b88e7	0.2.161-SNAPSHOT	truffle	runtime/polymorphic-dispatch	2586308937.5	69772820.5	120080964	36621857	37746242.5	7970913.0	74712798
post-perf002	3c93912a5579326374782a43527fbb51046f8f91	0.2.162-SNAPSHOT	interpreter	runtime/polymorphic-dispatch	1484344136.0	15940465.0	109817734	34998983	37288730.5	2895394.0	79727993
post-perf002	3c93912a5579326374782a43527fbb51046f8f91	0.2.162-SNAPSHOT	truffle	runtime/polymorphic-dispatch	4953896518.5	42076285.5	87959266	41219316	42163489.0	1676985.0	84241228
pre-perf002	8f363d0146164f99e72210eb44667f4efb7b88e7	0.2.161-SNAPSHOT	interpreter	algorithms/factorial/recursive	1059858182.5	13018169.5	6409702	2139604	384534.0	75120.0	3348810
pre-perf002	8f363d0146164f99e72210eb44667f4efb7b88e7	0.2.161-SNAPSHOT	truffle	algorithms/factorial/recursive	1104996204.0	21237659.0	5803954	3791449	325129.5	62820.0	3522210
post-perf002	3c93912a5579326374782a43527fbb51046f8f91	0.2.162-SNAPSHOT	interpreter	algorithms/factorial/recursive	1060862771.0	26314866.0	5661774	477738	509739.0	106244.5	3827889
post-perf002	3c93912a5579326374782a43527fbb51046f8f91	0.2.162-SNAPSHOT	truffle	algorithms/factorial/recursive	1068056565.0	21377842.5	4155819	702778	199015.0	48870.5	3488721
pre-perf002	8f363d0146164f99e72210eb44667f4efb7b88e7	0.2.161-SNAPSHOT	interpreter	algorithms/fibonacci/recursive	6414599516.5	61675863.0	4624324193	4553706275	4536038342.0	21105818.0	4566922135
pre-perf002	8f363d0146164f99e72210eb44667f4efb7b88e7	0.2.161-SNAPSHOT	truffle	algorithms/fibonacci/recursive	7009056591.5	259278768.5	4474779114	4459997444	4447850321.0	4623091.0	4478488097
post-perf002	3c93912a5579326374782a43527fbb51046f8f91	0.2.162-SNAPSHOT	interpreter	algorithms/fibonacci/recursive	6038064083.0	52067851.0	4200868845	4200721992	4217816610.5	23193293.5	4264361051
post-perf002	3c93912a5579326374782a43527fbb51046f8f91	0.2.162-SNAPSHOT	truffle	algorithms/fibonacci/recursive	9754724071.5	124912960.5	4812582032	4641039568	4711400384.5	108655452.5	6219776087
