workload	language	phase	count	median_ns	mad_ns	p95_ns	min_ns	max_ns
micro/slot-read	protos	startup	10	4363770942.5	154764530.5	4629705221	4120445031	4629705221
micro/slot-read	protos	warmup	100	105004862.0	45596409.0	1470946888	43338118	3637477358
micro/slot-read	protos	steady	100	49378637.0	5873444.0	95566971	42591957	104016567
micro/slot-read	python	startup	10	13431328.5	349565.5	18141231	13049038	18141231
micro/slot-read	python	warmup	100	1582701.0	16650.0	1768451	1556261	2147922
micro/slot-read	python	steady	100	1580361.0	14875.5	1937791	1546871	2094331
micro/slot-read	javascript	startup	10	37673719.0	2715767.0	41563816	33268191	41563816
micro/slot-read	javascript	warmup	100	125355.0	39675.0	1234951	82490	1900052
micro/slot-read	javascript	steady	100	116250.0	28970.0	626600	58310	1257831
micro/slot-write	protos	startup	10	4306624497.0	41130862.0	5499448078	4167535088	5499448078
micro/slot-write	protos	warmup	100	104238443.0	50237034.5	1878193486	46777531	3482165558
micro/slot-write	protos	steady	100	54690694.0	7390226.5	86045156	46667652	104003354
micro/slot-write	python	startup	10	12903671.5	167990.5	13211101	12694251	13211101
micro/slot-write	python	warmup	100	1802516.0	13970.0	1945002	1772902	2026932
micro/slot-write	python	steady	100	1800901.0	12665.5	1873022	1773241	1936152
micro/slot-write	javascript	startup	10	36361017.0	2182581.5	40522835	33680030	40522835
micro/slot-write	javascript	warmup	100	100615.5	23460.5	1327871	76770	1554071
micro/slot-write	javascript	steady	100	80895.0	4159.5	532300	76230	942581
micro/closure-call	protos	startup	10	4494362986.0	64122986.0	5301975354	4403160497	5301975354
micro/closure-call	protos	warmup	100	99212790.0	39460237.5	1501586537	46531620	3719609159
micro/closure-call	protos	steady	100	67611903.0	15848889.5	104295218	46383410	141979610
micro/closure-call	python	startup	10	13251256.0	169405.5	14178652	12705011	14178652
micro/closure-call	python	warmup	100	1795506.5	53194.5	2000842	1674901	2665212
micro/closure-call	python	steady	100	1767596.5	47930.0	1934262	1645292	2191722
micro/closure-call	javascript	startup	10	34822634.5	1073336.5	36741161	32528787	36741161
micro/closure-call	javascript	warmup	100	105875.0	22619.5	1104621	83091	1329711
micro/closure-call	javascript	steady	100	87400.0	4170.0	328281	82590	1192321
micro/method-call	protos	startup	10	4756926639.0	107804530.0	5187753692	4551548318	5187753692
micro/method-call	protos	warmup	100	103191738.0	40846198.0	1509543821	48216940	4385951986
micro/method-call	protos	steady	100	55565935.5	7432102.0	90685374	47768709	101039422
micro/method-call	python	startup	10	13299585.5	78975.0	13719731	13033020	13719731
micro/method-call	python	warmup	100	1754906.5	13584.5	1962092	1715461	2202162
micro/method-call	python	steady	100	1754912.0	10325.5	1833462	1723972	2027772
micro/method-call	javascript	startup	10	32298890.5	593995.5	34794398	30298695	34794398
micro/method-call	javascript	warmup	100	155125.5	31670.5	1284181	119300	1582702
micro/method-call	javascript	steady	100	126715.5	60755.5	609190	61020	1237852
micro/object-creation	protos	startup	10	4042039980.5	62094335.0	4270060635	3927693476	4270060635
micro/object-creation	protos	warmup	100	129121871.5	38139718.5	1472958146	40694942	3252366465
micro/object-creation	protos	steady	100	51358150.0	8574771.5	94109254	41276203	136031965
micro/object-creation	python	startup	10	21341946.5	1325081.0	23715868	16285223	23715868
micro/object-creation	python	warmup	100	2896092.5	123840.5	4299103	2694032	4486324
micro/object-creation	python	steady	100	3414437.0	645050.5	4368804	2667582	4394693
micro/object-creation	javascript	startup	10	39299305.5	3409263.5	45974126	34905757	45974126
micro/object-creation	javascript	warmup	100	252505.0	162110.0	2156701	69710	3074232
micro/object-creation	javascript	steady	100	99080.5	36625.5	1171381	60790	1579801
micro/delegation-shallow	protos	startup	10	4217139860.0	102091962.0	4358309728	4088414433	4358309728
micro/delegation-shallow	protos	warmup	100	104487859.0	50636273.0	1580040202	40257060	3354723845
micro/delegation-shallow	protos	steady	100	47319276.0	6661350.0	90023968	40181720	151082615
micro/delegation-shallow	python	startup	10	13607465.0	446300.0	15655982	12999720	15655982
micro/delegation-shallow	python	warmup	100	1586321.5	17205.5	1777811	1552791	2248162
micro/delegation-shallow	python	steady	100	1582871.5	18690.5	1915102	1552191	2235442
micro/delegation-shallow	javascript	startup	10	33684610.5	816445.5	35422306	32091694	35422306
micro/delegation-shallow	javascript	warmup	100	171985.0	51980.0	1007851	114960	1559082
micro/delegation-shallow	javascript	steady	100	118610.0	4140.0	545011	91030	1187051
micro/delegation-deep	protos	startup	10	4198438136.5	97211571.5	4332202618	4010392907	4332202618
micro/delegation-deep	protos	warmup	100	96712482.0	49318721.0	1207027992	42048571	3183043404
micro/delegation-deep	protos	steady	100	50683113.0	7823096.5	70759412	41634110	84818793
micro/delegation-deep	python	startup	10	13304164.5	329115.0	14268570	12961450	14268570
micro/delegation-deep	python	warmup	100	1610421.0	18535.0	1750931	1562071	1867202
micro/delegation-deep	python	steady	100	1606232.0	21101.0	2084602	1563771	2275151
micro/delegation-deep	javascript	startup	10	32345828.5	1319626.0	35331325	30313492	35331325
micro/delegation-deep	javascript	warmup	100	156790.0	36550.0	987101	118770	1491651
micro/delegation-deep	javascript	steady	100	125665.0	6865.5	860991	93540	1397581
runtime/monomorphic-dispatch	protos	startup	10	4266706384.5	61101176.5	4474135106	4195982984	4474135106
runtime/monomorphic-dispatch	protos	warmup	100	102777684.5	43230866.0	1449447231	46804354	3625385429
runtime/monomorphic-dispatch	protos	steady	100	54842150.0	6637285.0	85858542	47103214	98362951
runtime/monomorphic-dispatch	python	startup	10	13191779.5	132500.0	13634130	12927089	13634130
runtime/monomorphic-dispatch	python	warmup	100	1759371.0	19720.5	1970181	1724761	2455622
runtime/monomorphic-dispatch	python	steady	100	1759496.5	14765.0	2021352	1720831	2511841
runtime/monomorphic-dispatch	javascript	startup	10	33662734.0	1199471.0	36742856	31701263	36742856
runtime/monomorphic-dispatch	javascript	warmup	100	135225.0	16340.0	1335781	118220	1735152
runtime/monomorphic-dispatch	javascript	steady	100	123245.0	5099.5	716031	61660	1397381
runtime/polymorphic-dispatch	protos	startup	10	4338935353.5	38805779.5	4487106379	4283336930	4487106379
runtime/polymorphic-dispatch	protos	warmup	100	112542349.0	54021023.5	1528285779	46984754	3518916626
runtime/polymorphic-dispatch	protos	steady	100	54259368.5	5808899.0	92886076	47295364	119948695
runtime/polymorphic-dispatch	python	startup	10	13870960.0	169150.0	14745770	13200969	14745770
runtime/polymorphic-dispatch	python	warmup	100	2056936.5	23385.5	2207842	2004051	2364672
runtime/polymorphic-dispatch	python	steady	100	2061091.5	22140.0	2198272	2015032	2473882
runtime/polymorphic-dispatch	javascript	startup	10	33090643.5	611636.0	35507385	32364313	35507385
runtime/polymorphic-dispatch	javascript	warmup	100	91260.0	13514.5	1055001	77240	2204711
runtime/polymorphic-dispatch	javascript	steady	100	84320.5	5220.5	422610	77080	1252861
algorithms/factorial/recursive	protos	startup	10	1167497192.0	14780520.0	1301932028	1125748683	1301932028
algorithms/factorial/recursive	protos	warmup	100	9020526.0	3700607.5	168214728	1850852	200395321
algorithms/factorial/recursive	protos	steady	100	5014013.5	507055.0	6074934	1185511	6575405
algorithms/factorial/recursive	python	startup	10	11459158.5	537730.0	12535959	10833117	12535959
algorithms/factorial/recursive	python	warmup	100	1340.0	55.0	2970	1270	4710
algorithms/factorial/recursive	python	steady	100	1320.0	30.0	2240	1280	2350
algorithms/factorial/recursive	javascript	startup	10	34084699.0	750855.5	36408025	31331982	36408025
algorithms/factorial/recursive	javascript	warmup	100	1140.0	90.0	3690	1020	38810
algorithms/factorial/recursive	javascript	steady	100	1040.0	270.0	3780	210	256320
algorithms/fibonacci/recursive	protos	startup	10	12237140138.0	123636061.5	12827095145	12066523371	12827095145
algorithms/fibonacci/recursive	protos	warmup	100	7116667568.0	131066008.5	9210738627	6813842470	11902158107
algorithms/fibonacci/recursive	protos	steady	100	7050436746.0	129786616.5	7617150825	6815868069	10324124317
algorithms/fibonacci/recursive	python	startup	10	116055068.5	1083852.5	140858482	114663560	140858482
algorithms/fibonacci/recursive	python	warmup	100	106182176.0	2552663.0	115999150	101906353	134919339
algorithms/fibonacci/recursive	python	steady	100	106219882.5	2763121.0	132025502	101734043	168004251
algorithms/fibonacci/recursive	javascript	startup	10	41416613.0	864671.5	45070845	39959215	45070845
algorithms/fibonacci/recursive	javascript	warmup	100	8086270.0	14860.0	10501750	8059955	12370264
algorithms/fibonacci/recursive	javascript	steady	100	8087160.0	12159.5	8225196	8064305	8342596
